-- phpMyAdmin SQL Dump
-- version 5.2.0
-- https://www.phpmyadmin.net/
--
-- Host: 127.0.0.1
-- Generation Time: Jun 23, 2023 at 01:15 PM
-- Server version: 8.0.27
-- PHP Version: 8.1.12

SET SQL_MODE = "NO_AUTO_VALUE_ON_ZERO";
START TRANSACTION;
SET time_zone = "+00:00";


/*!40101 SET @OLD_CHARACTER_SET_CLIENT=@@CHARACTER_SET_CLIENT */;
/*!40101 SET @OLD_CHARACTER_SET_RESULTS=@@CHARACTER_SET_RESULTS */;
/*!40101 SET @OLD_COLLATION_CONNECTION=@@COLLATION_CONNECTION */;
/*!40101 SET NAMES utf8mb4 */;

--
-- Database: `mutall_mashamba`
--

-- --------------------------------------------------------

--
-- Table structure for table `category`
--

CREATE TABLE `category` (
  `category` int NOT NULL,
  `name` varchar(10) NOT NULL
) ENGINE=InnoDB DEFAULT CHARSET=utf8mb3;

--
-- Dumping data for table `category`
--

INSERT INTO `category` (`category`, `name`) VALUES
(1, 'mutation'),
(3, 'title deed'),
(2, 'title_deed');

-- --------------------------------------------------------

--
-- Table structure for table `document`
--

CREATE TABLE `document` (
  `document` int NOT NULL,
  `id` varchar(50) NOT NULL,
  `category` int DEFAULT NULL,
  `folder` int DEFAULT NULL,
  `regno` varchar(30) DEFAULT NULL,
  `area` float DEFAULT NULL,
  `units` enum('acres','hectares','square meters') CHARACTER SET utf8 COLLATE utf8_general_ci DEFAULT NULL,
  `person` varchar(50) CHARACTER SET utf8 COLLATE utf8_general_ci DEFAULT NULL COMMENT 'Persons Of Interest'
) ENGINE=InnoDB DEFAULT CHARSET=utf8mb3;

--
-- Dumping data for table `document`
--

INSERT INTO `document` (`document`, `id`, `category`, `folder`, `regno`, `area`, `units`, `person`) VALUES
(1, 'COPIES Title - deeds OTHERS/1', 1, 1, '162/2 161/3 161/4 172/3 173/1', 254.2, 'acres', 'MOHAMOOD MOHAMED EMAN'),
(2, 'COPIES Title - deeds OTHERS/10', 3, 1, '3', 0.047, 'acres', 'LOISE WAITHIRA WARUI'),
(3, 'COPIES Title - deeds OTHERS/11', 3, 1, '6', 4.1, 'acres', 'GRACE WANJIKU GACHUGU'),
(4, 'COPIES Title - deeds OTHERS/12', 3, 1, '5', 0.03, 'acres', 'ATANAS KAMAU MWANGI'),
(5, 'COPIES Title - deeds OTHERS/13', 3, 1, '272/2 & 173/1', 40.6, 'acres', 'CHARLES SALAPEI LETEIPAN'),
(6, 'COPIES Title - deeds OTHERS/14', NULL, 1, NULL, 0, 'acres', ''),
(7, 'COPIES Title - deeds OTHERS/15', NULL, 1, NULL, 0, 'acres', ''),
(8, 'COPIES Title - deeds OTHERS/16', NULL, 1, NULL, 0, 'acres', ''),
(9, 'COPIES Title - deeds OTHERS/17', NULL, 1, NULL, 0, 'acres', ''),
(10, 'COPIES Title - deeds OTHERS/18', NULL, 1, NULL, 0, 'acres', ''),
(11, 'COPIES Title - deeds OTHERS/19', NULL, 1, NULL, 0, 'acres', ''),
(12, 'COPIES Title - deeds OTHERS/2', NULL, 1, NULL, 0, 'acres', ''),
(13, 'COPIES Title - deeds OTHERS/20', NULL, 1, NULL, 0, 'acres', ''),
(14, 'COPIES Title - deeds OTHERS/21', NULL, 1, NULL, 0, 'acres', ''),
(15, 'COPIES Title - deeds OTHERS/22', NULL, 1, NULL, 0, 'acres', ''),
(16, 'COPIES Title - deeds OTHERS/23', NULL, 1, NULL, 0, 'acres', ''),
(17, 'COPIES Title - deeds OTHERS/24', NULL, 1, NULL, 0, 'acres', ''),
(18, 'COPIES Title - deeds OTHERS/25', NULL, 1, NULL, 0, 'acres', ''),
(19, 'COPIES Title - deeds OTHERS/26', NULL, 1, NULL, 0, 'acres', ''),
(20, 'COPIES Title - deeds OTHERS/27', NULL, 1, NULL, 0, 'acres', ''),
(21, 'COPIES Title - deeds OTHERS/28', NULL, 1, NULL, 0, 'acres', ''),
(22, 'COPIES Title - deeds OTHERS/29', NULL, 1, NULL, 0, 'acres', ''),
(23, 'COPIES Title - deeds OTHERS/3', NULL, 1, NULL, 0, 'acres', ''),
(24, 'COPIES Title - deeds OTHERS/30', NULL, 1, NULL, 0, 'acres', ''),
(25, 'COPIES Title - deeds OTHERS/31', NULL, 1, NULL, 0, 'acres', ''),
(26, 'COPIES Title - deeds OTHERS/32', NULL, 1, NULL, 0, 'acres', ''),
(27, 'COPIES Title - deeds OTHERS/4', NULL, 1, NULL, 0, 'acres', ''),
(28, 'COPIES Title - deeds OTHERS/5', NULL, 1, NULL, 0, 'acres', ''),
(29, 'COPIES Title - deeds OTHERS/6', NULL, 1, NULL, 0, 'acres', ''),
(30, 'COPIES Title - deeds OTHERS/7', NULL, 1, NULL, 0, 'acres', ''),
(31, 'COPIES Title - deeds OTHERS/8', NULL, 1, NULL, 0, 'acres', ''),
(32, 'COPIES Title - deeds OTHERS/9', NULL, 1, NULL, 0, 'acres', ''),
(33, 'ILKISUMET MUTATION/1', NULL, 2, NULL, 0, 'acres', ''),
(34, 'ILKISUMET MUTATION/10', NULL, 2, NULL, 0, 'acres', ''),
(35, 'ILKISUMET MUTATION/2', NULL, 2, NULL, 0, 'acres', ''),
(36, 'ILKISUMET MUTATION/3', NULL, 2, NULL, 0, 'acres', ''),
(37, 'ILKISUMET MUTATION/4', NULL, 2, NULL, 0, 'acres', ''),
(38, 'ILKISUMET MUTATION/5', NULL, 2, NULL, 0, 'acres', ''),
(39, 'ILKISUMET MUTATION/6', NULL, 2, NULL, 0, 'acres', ''),
(40, 'ILKISUMET MUTATION/7', NULL, 2, NULL, 0, 'acres', ''),
(41, 'ILKISUMET MUTATION/8', NULL, 2, NULL, 0, 'acres', ''),
(42, 'ILKISUMET MUTATION/9', NULL, 2, NULL, 0, 'acres', ''),
(43, 'KAPUTEI/1', NULL, 3, NULL, 0, 'acres', ''),
(44, 'KAPUTEI/2', NULL, 3, NULL, 0, 'acres', ''),
(45, 'KAPUTEI/3', NULL, 3, NULL, 0, 'acres', ''),
(46, 'KAPUTEI/4', NULL, 3, NULL, 0, 'acres', ''),
(47, 'KAPUTEI/5', NULL, 3, NULL, 0, 'acres', ''),
(48, 'KAPUTEI/6', NULL, 3, NULL, 0, 'acres', ''),
(49, 'KAPUTEI/7', NULL, 3, NULL, 0, 'acres', ''),
(50, 'KAPUTEI/8', NULL, 3, NULL, 0, 'acres', ''),
(51, 'KAPUTEI/9', NULL, 3, NULL, 0, 'acres', ''),
(52, 'Kipeto Mutations/1', NULL, 4, NULL, 0, 'acres', ''),
(53, 'Kipeto Mutations/10', NULL, 4, NULL, 0, 'acres', ''),
(54, 'Kipeto Mutations/11', NULL, 4, NULL, 0, 'acres', ''),
(55, 'Kipeto Mutations/12', NULL, 4, NULL, 0, 'acres', ''),
(56, 'Kipeto Mutations/2', NULL, 4, NULL, 0, 'acres', ''),
(57, 'Kipeto Mutations/20', NULL, 4, NULL, 0, 'acres', ''),
(58, 'Kipeto Mutations/21', NULL, 4, NULL, 0, 'acres', ''),
(59, 'Kipeto Mutations/22', NULL, 4, NULL, 0, 'acres', ''),
(60, 'Kipeto Mutations/23', NULL, 4, NULL, 0, 'acres', ''),
(61, 'Kipeto Mutations/24', NULL, 4, NULL, 0, 'acres', ''),
(62, 'Kipeto Mutations/25', NULL, 4, NULL, 0, 'acres', ''),
(63, 'Kipeto Mutations/26', NULL, 4, NULL, 0, 'acres', ''),
(64, 'Kipeto Mutations/27', NULL, 4, NULL, 0, 'acres', ''),
(65, 'Kipeto Mutations/28', NULL, 4, NULL, 0, 'acres', ''),
(66, 'Kipeto Mutations/29', NULL, 4, NULL, 0, 'acres', ''),
(67, 'Kipeto Mutations/3', NULL, 4, NULL, 0, 'acres', ''),
(68, 'Kipeto Mutations/31', NULL, 4, NULL, 0, 'acres', ''),
(69, 'Kipeto Mutations/32', NULL, 4, NULL, 0, 'acres', ''),
(70, 'Kipeto Mutations/33', NULL, 4, NULL, 0, 'acres', ''),
(71, 'Kipeto Mutations/34', NULL, 4, NULL, 0, 'acres', ''),
(72, 'Kipeto Mutations/35', NULL, 4, NULL, 0, 'acres', ''),
(73, 'Kipeto Mutations/36', NULL, 4, NULL, 0, 'acres', ''),
(74, 'Kipeto Mutations/37', NULL, 4, NULL, 0, 'acres', ''),
(75, 'Kipeto Mutations/38', NULL, 4, NULL, 0, 'acres', ''),
(76, 'Kipeto Mutations/39', NULL, 4, NULL, 0, 'acres', ''),
(77, 'Kipeto Mutations/4', NULL, 4, NULL, 0, 'acres', ''),
(78, 'Kipeto Mutations/40', NULL, 4, NULL, 0, 'acres', ''),
(79, 'Kipeto Mutations/41', NULL, 4, NULL, 0, 'acres', ''),
(80, 'Kipeto Mutations/42', NULL, 4, NULL, 0, 'acres', ''),
(81, 'Kipeto Mutations/43', NULL, 4, NULL, 0, 'acres', ''),
(82, 'Kipeto Mutations/44', NULL, 4, NULL, 0, 'acres', ''),
(83, 'Kipeto Mutations/45', NULL, 4, NULL, 0, 'acres', ''),
(84, 'Kipeto Mutations/46', NULL, 4, NULL, 0, 'acres', ''),
(85, 'Kipeto Mutations/47', NULL, 4, NULL, 0, 'acres', ''),
(86, 'Kipeto Mutations/48', NULL, 4, NULL, 0, 'acres', ''),
(87, 'Kipeto Mutations/49', NULL, 4, NULL, 0, 'acres', ''),
(88, 'Kipeto Mutations/5', NULL, 4, NULL, 0, 'acres', ''),
(89, 'Kipeto Mutations/50', NULL, 4, NULL, 0, 'acres', ''),
(90, 'Kipeto Mutations/51', NULL, 4, NULL, 0, 'acres', ''),
(91, 'Kipeto Mutations/6', NULL, 4, NULL, 0, 'acres', ''),
(92, 'Kipeto Mutations/7', NULL, 4, NULL, 0, 'acres', ''),
(93, 'Kipeto Mutations/8', NULL, 4, NULL, 0, 'acres', ''),
(94, 'Kipeto Mutations/9', NULL, 4, NULL, 0, 'acres', ''),
(95, 'LOODARIAK TTLE COPIES/1', NULL, 5, NULL, 0, 'acres', ''),
(96, 'LOODARIAK TTLE COPIES/10', NULL, 5, NULL, 0, 'acres', ''),
(97, 'LOODARIAK TTLE COPIES/11', NULL, 5, NULL, 0, 'acres', ''),
(98, 'LOODARIAK TTLE COPIES/12', NULL, 5, NULL, 0, 'acres', ''),
(99, 'LOODARIAK TTLE COPIES/13', NULL, 5, NULL, 0, 'acres', ''),
(100, 'LOODARIAK TTLE COPIES/14', NULL, 5, NULL, 0, 'acres', ''),
(101, 'LOODARIAK TTLE COPIES/15', NULL, 5, NULL, 0, 'acres', ''),
(102, 'LOODARIAK TTLE COPIES/16', NULL, 5, NULL, 0, 'acres', ''),
(103, 'LOODARIAK TTLE COPIES/17', NULL, 5, NULL, 0, 'acres', ''),
(104, 'LOODARIAK TTLE COPIES/18', NULL, 5, NULL, 0, 'acres', ''),
(105, 'LOODARIAK TTLE COPIES/2', NULL, 5, NULL, 0, 'acres', ''),
(106, 'LOODARIAK TTLE COPIES/3', NULL, 5, NULL, 0, 'acres', ''),
(107, 'LOODARIAK TTLE COPIES/4', NULL, 5, NULL, 0, 'acres', ''),
(108, 'LOODARIAK TTLE COPIES/5', NULL, 5, NULL, 0, 'acres', ''),
(109, 'LOODARIAK TTLE COPIES/6', NULL, 5, NULL, 0, 'acres', ''),
(110, 'LOODARIAK TTLE COPIES/7', NULL, 5, NULL, 0, 'acres', ''),
(111, 'LOODARIAK TTLE COPIES/8', NULL, 5, NULL, 0, 'acres', ''),
(112, 'LOODARIAK TTLE COPIES/9', NULL, 5, NULL, 0, 'acres', ''),
(113, 'NGONG NGONG/1', NULL, 6, NULL, 0, 'acres', ''),
(114, 'NGONG NGONG/10', NULL, 6, NULL, 0, 'acres', ''),
(115, 'NGONG NGONG/11', NULL, 6, NULL, 0, 'acres', ''),
(116, 'NGONG NGONG/12', NULL, 6, NULL, 0, 'acres', ''),
(117, 'NGONG NGONG/13', NULL, 6, NULL, 0, 'acres', ''),
(118, 'NGONG NGONG/14', NULL, 6, NULL, 0, 'acres', ''),
(119, 'NGONG NGONG/15', NULL, 6, NULL, 0, 'acres', ''),
(120, 'NGONG NGONG/16', NULL, 6, NULL, 0, 'acres', ''),
(121, 'NGONG NGONG/17', NULL, 6, NULL, 0, 'acres', ''),
(122, 'NGONG NGONG/18', NULL, 6, NULL, 0, 'acres', ''),
(123, 'NGONG NGONG/19', NULL, 6, NULL, 0, 'acres', ''),
(124, 'NGONG NGONG/2', NULL, 6, NULL, 0, 'acres', ''),
(125, 'NGONG NGONG/21', NULL, 6, NULL, 0, 'acres', ''),
(126, 'NGONG NGONG/22', NULL, 6, NULL, 0, 'acres', ''),
(127, 'NGONG NGONG/23', NULL, 6, NULL, 0, 'acres', ''),
(128, 'NGONG NGONG/3', NULL, 6, NULL, 0, 'acres', ''),
(129, 'NGONG NGONG/4', NULL, 6, NULL, 0, 'acres', ''),
(130, 'NGONG NGONG/5', NULL, 6, NULL, 0, 'acres', ''),
(131, 'NGONG NGONG/6', NULL, 6, NULL, 0, 'acres', ''),
(132, 'NGONG NGONG/7', NULL, 6, NULL, 0, 'acres', ''),
(133, 'NGONG NGONG/8', NULL, 6, NULL, 0, 'acres', ''),
(134, 'NGONG NGONG/9', NULL, 6, NULL, 0, 'acres', ''),
(135, 'NGONG NGONG2/1', NULL, 7, NULL, 0, 'acres', ''),
(136, 'NGONG NGONG2/2', NULL, 7, NULL, 0, 'acres', ''),
(137, 'NGONG NGONG2/3', NULL, 7, NULL, 0, 'acres', ''),
(138, 'NGONG NGONG2/4', NULL, 7, NULL, 0, 'acres', ''),
(139, 'NGONG NGONG2/5', NULL, 7, NULL, 0, 'acres', ''),
(140, 'NGONG NGONG2/6', NULL, 7, NULL, 0, 'acres', ''),
(141, 'NGONG NGONG2/7', NULL, 7, NULL, 0, 'acres', ''),
(142, 'NGONG NGONG2/8', NULL, 7, NULL, 0, 'acres', ''),
(143, 'NTASHART TTD COPIES/1', NULL, 8, NULL, 0, 'acres', ''),
(144, 'NTASHART TTD COPIES/2', NULL, 8, NULL, 0, 'acres', ''),
(145, 'NTASHART TTD COPIES/3', NULL, 8, NULL, 0, 'acres', ''),
(146, 'NTASHART TTD COPIES/4', NULL, 8, NULL, 0, 'acres', ''),
(147, 'NTASHART TTD COPIES/5', NULL, 8, NULL, 0, 'acres', ''),
(148, 'NTASHART TTD COPIES/6', NULL, 8, NULL, 0, 'acres', ''),
(149, 'NTASHART TTD COPIES/7', NULL, 8, NULL, 0, 'acres', ''),
(150, 'NTASHART TTD COPIES/8', NULL, 8, NULL, 0, 'acres', ''),
(151, 'Ngong Ngong TTD COP/1', NULL, 9, NULL, 0, 'acres', ''),
(152, 'Ngong Ngong TTD COP/10', NULL, 9, NULL, 0, 'acres', ''),
(153, 'Ngong Ngong TTD COP/11', NULL, 9, NULL, 0, 'acres', ''),
(154, 'Ngong Ngong TTD COP/12', NULL, 9, NULL, 0, 'acres', ''),
(155, 'Ngong Ngong TTD COP/13', NULL, 9, NULL, 0, 'acres', ''),
(156, 'Ngong Ngong TTD COP/14', NULL, 9, NULL, 0, 'acres', ''),
(157, 'Ngong Ngong TTD COP/15', NULL, 9, NULL, 0, 'acres', ''),
(158, 'Ngong Ngong TTD COP/16', NULL, 9, NULL, 0, 'acres', ''),
(159, 'Ngong Ngong TTD COP/17', NULL, 9, NULL, 0, 'acres', ''),
(160, 'Ngong Ngong TTD COP/18', NULL, 9, NULL, 0, 'acres', ''),
(161, 'Ngong Ngong TTD COP/19', NULL, 9, NULL, 0, 'acres', ''),
(162, 'Ngong Ngong TTD COP/2', NULL, 9, NULL, 0, 'acres', ''),
(163, 'Ngong Ngong TTD COP/20', NULL, 9, NULL, 0, 'acres', ''),
(164, 'Ngong Ngong TTD COP/21', NULL, 9, NULL, 0, 'acres', ''),
(165, 'Ngong Ngong TTD COP/22', NULL, 9, NULL, 0, 'acres', ''),
(166, 'Ngong Ngong TTD COP/23', NULL, 9, NULL, 0, 'acres', ''),
(167, 'Ngong Ngong TTD COP/24', NULL, 9, NULL, 0, 'acres', ''),
(168, 'Ngong Ngong TTD COP/25', NULL, 9, NULL, 0, 'acres', ''),
(169, 'Ngong Ngong TTD COP/26', NULL, 9, NULL, 0, 'acres', ''),
(170, 'Ngong Ngong TTD COP/27', NULL, 9, NULL, 0, 'acres', ''),
(171, 'Ngong Ngong TTD COP/28', NULL, 9, NULL, 0, 'acres', ''),
(172, 'Ngong Ngong TTD COP/29', NULL, 9, NULL, 0, 'acres', ''),
(173, 'Ngong Ngong TTD COP/3', NULL, 9, NULL, 0, 'acres', ''),
(174, 'Ngong Ngong TTD COP/30', NULL, 9, NULL, 0, 'acres', ''),
(175, 'Ngong Ngong TTD COP/31', NULL, 9, NULL, 0, 'acres', ''),
(176, 'Ngong Ngong TTD COP/32', NULL, 9, NULL, 0, 'acres', ''),
(177, 'Ngong Ngong TTD COP/33', NULL, 9, NULL, 0, 'acres', ''),
(178, 'Ngong Ngong TTD COP/34', NULL, 9, NULL, 0, 'acres', ''),
(179, 'Ngong Ngong TTD COP/35', NULL, 9, NULL, 0, 'acres', ''),
(180, 'Ngong Ngong TTD COP/4', NULL, 9, NULL, 0, 'acres', ''),
(181, 'Ngong Ngong TTD COP/5', NULL, 9, NULL, 0, 'acres', ''),
(182, 'Ngong Ngong TTD COP/6', NULL, 9, NULL, 0, 'acres', ''),
(183, 'Ngong Ngong TTD COP/7', NULL, 9, NULL, 0, 'acres', ''),
(184, 'Ngong Ngong TTD COP/8', NULL, 9, NULL, 0, 'acres', ''),
(185, 'Ngong Ngong TTD COP/9', NULL, 9, NULL, 0, 'acres', ''),
(186, 'OLCHORO-ONYORE TITLE/1', NULL, 10, NULL, 0, 'acres', ''),
(187, 'OLCHORO-ONYORE TITLE/10', NULL, 10, NULL, 0, 'acres', ''),
(188, 'OLCHORO-ONYORE TITLE/11', NULL, 10, NULL, 0, 'acres', ''),
(189, 'OLCHORO-ONYORE TITLE/12', NULL, 10, NULL, 0, 'acres', ''),
(190, 'OLCHORO-ONYORE TITLE/13', NULL, 10, NULL, 0, 'acres', ''),
(191, 'OLCHORO-ONYORE TITLE/14', NULL, 10, NULL, 0, 'acres', ''),
(192, 'OLCHORO-ONYORE TITLE/2', NULL, 10, NULL, 0, 'acres', ''),
(193, 'OLCHORO-ONYORE TITLE/3', NULL, 10, NULL, 0, 'acres', ''),
(194, 'OLCHORO-ONYORE TITLE/4', NULL, 10, NULL, 0, 'acres', ''),
(195, 'OLCHORO-ONYORE TITLE/5', NULL, 10, NULL, 0, 'acres', ''),
(196, 'OLCHORO-ONYORE TITLE/6', NULL, 10, NULL, 0, 'acres', ''),
(197, 'OLCHORO-ONYORE TITLE/7', NULL, 10, NULL, 0, 'acres', ''),
(198, 'OLCHORO-ONYORE TITLE/8', NULL, 10, NULL, 0, 'acres', ''),
(199, 'OLCHORO-ONYORE TITLE/9', NULL, 10, NULL, 0, 'acres', ''),
(200, 'OLCHORO-ONYORE TITLE COPIES/1', NULL, 11, NULL, 0, 'acres', ''),
(201, 'OLCHORO-ONYORE TITLE COPIES/2', NULL, 11, NULL, 0, 'acres', ''),
(202, 'OLCHORO-ONYORE TITLE COPIES/3', NULL, 11, NULL, 0, 'acres', ''),
(203, 'OLCHORO-ONYORE TITLE COPIES/4', NULL, 11, NULL, 0, 'acres', ''),
(204, 'OLCHORO-ONYORE TITLE COPIES/5', NULL, 11, NULL, 0, 'acres', ''),
(205, 'OLCHORO-ONYORE TITLE COPIES/6', NULL, 11, NULL, 0, 'acres', ''),
(206, 'OLCHORO-ONYORE TITLE COPIES/7', NULL, 11, NULL, 0, 'acres', ''),
(207, 'OLCHORO-ONYORE TITLE COPIES/8', NULL, 11, NULL, 0, 'acres', '');

-- --------------------------------------------------------

--
-- Table structure for table `folder`
--

CREATE TABLE `folder` (
  `folder` int NOT NULL,
  `name` varchar(30) NOT NULL
) ENGINE=InnoDB DEFAULT CHARSET=utf8mb3;

--
-- Dumping data for table `folder`
--

INSERT INTO `folder` (`folder`, `name`) VALUES
(1, 'COPIES Title - deeds OTHERS'),
(2, 'ILKISUMET MUTATION'),
(3, 'KAPUTEI'),
(4, 'Kipeto Mutations'),
(5, 'LOODARIAK TTLE COPIES'),
(6, 'NGONG NGONG'),
(9, 'Ngong Ngong TTD COP'),
(7, 'NGONG NGONG2'),
(8, 'NTASHART TTD COPIES'),
(10, 'OLCHORO-ONYORE TITLE'),
(11, 'OLCHORO-ONYORE TITLE COPIES');

-- --------------------------------------------------------

--
-- Table structure for table `image`
--

CREATE TABLE `image` (
  `image` int NOT NULL,
  `name` varchar(50) CHARACTER SET utf8 COLLATE utf8_general_ci NOT NULL,
  `document` int NOT NULL,
  `page` varchar(4) NOT NULL,
  `url` varchar(255) CHARACTER SET utf8 COLLATE utf8_general_ci DEFAULT NULL
) ENGINE=InnoDB DEFAULT CHARSET=utf8mb3;

--
-- Dumping data for table `image`
--

INSERT INTO `image` (`image`, `name`, `document`, `page`, `url`) VALUES
(1, 'img253.jpg', 1, '1', '/mashamba/v/images//COPIES Title - deeds OTHERS/1/img253.jpg'),
(2, 'img254.jpg', 1, '2', '/mashamba/v/images//COPIES Title - deeds OTHERS/1/img254.jpg'),
(3, 'img255.jpg', 1, '3', '/mashamba/v/images//COPIES Title - deeds OTHERS/1/img255.jpg'),
(4, 'img256.jpg', 1, '4', '/mashamba/v/images//COPIES Title - deeds OTHERS/1/img256.jpg'),
(5, 'img182.jpg', 2, '1', '/mashamba/v/images//COPIES Title - deeds OTHERS/10/img182.jpg'),
(6, 'img185.jpg', 3, '1', '/mashamba/v/images//COPIES Title - deeds OTHERS/11/img185.jpg'),
(7, 'img186.jpg', 3, '2', '/mashamba/v/images//COPIES Title - deeds OTHERS/11/img186.jpg'),
(8, 'img187.jpg', 3, '3', '/mashamba/v/images//COPIES Title - deeds OTHERS/11/img187.jpg'),
(9, 'img188.jpg', 3, '4', '/mashamba/v/images//COPIES Title - deeds OTHERS/11/img188.jpg'),
(10, 'img189.jpg', 4, '1', '/mashamba/v/images//COPIES Title - deeds OTHERS/12/img189.jpg'),
(11, 'img190.jpg', 4, '2', '/mashamba/v/images//COPIES Title - deeds OTHERS/12/img190.jpg'),
(12, 'img191.jpg', 4, '3', '/mashamba/v/images//COPIES Title - deeds OTHERS/12/img191.jpg'),
(13, 'img192.jpg', 5, '1', '/mashamba/v/images//COPIES Title - deeds OTHERS/13/img192.jpg'),
(14, 'img193.jpg', 6, '1', '/mashamba/v/images//COPIES Title - deeds OTHERS/14/img193.jpg'),
(15, 'img194.jpg', 7, '1', '/mashamba/v/images//COPIES Title - deeds OTHERS/15/img194.jpg'),
(16, 'img195.jpg', 7, '2', '/mashamba/v/images//COPIES Title - deeds OTHERS/15/img195.jpg'),
(17, 'img196.jpg', 7, '3', '/mashamba/v/images//COPIES Title - deeds OTHERS/15/img196.jpg'),
(18, 'img197.jpg', 7, '4', '/mashamba/v/images//COPIES Title - deeds OTHERS/15/img197.jpg'),
(19, 'img198.jpg', 8, '1', '/mashamba/v/images//COPIES Title - deeds OTHERS/16/img198.jpg'),
(20, 'img199.jpg', 8, '2', '/mashamba/v/images//COPIES Title - deeds OTHERS/16/img199.jpg'),
(21, 'img200.jpg', 8, '3', '/mashamba/v/images//COPIES Title - deeds OTHERS/16/img200.jpg'),
(22, 'img201.jpg', 9, '1', '/mashamba/v/images//COPIES Title - deeds OTHERS/17/img201.jpg'),
(23, 'img202.jpg', 10, '1', '/mashamba/v/images//COPIES Title - deeds OTHERS/18/img202.jpg'),
(24, 'img203.jpg', 10, '2', '/mashamba/v/images//COPIES Title - deeds OTHERS/18/img203.jpg'),
(25, 'img204.jpg', 10, '3', '/mashamba/v/images//COPIES Title - deeds OTHERS/18/img204.jpg'),
(26, 'img205.jpg', 10, '4', '/mashamba/v/images//COPIES Title - deeds OTHERS/18/img205.jpg'),
(27, 'img210.jpg', 11, '1', '/mashamba/v/images//COPIES Title - deeds OTHERS/19/img210.jpg'),
(28, 'img211.jpg', 11, '2', '/mashamba/v/images//COPIES Title - deeds OTHERS/19/img211.jpg'),
(29, 'img212.jpg', 11, '3', '/mashamba/v/images//COPIES Title - deeds OTHERS/19/img212.jpg'),
(30, 'img213.jpg', 11, '4', '/mashamba/v/images//COPIES Title - deeds OTHERS/19/img213.jpg'),
(31, 'img257.jpg', 12, '1', '/mashamba/v/images//COPIES Title - deeds OTHERS/2/img257.jpg'),
(32, 'img258.jpg', 12, '2', '/mashamba/v/images//COPIES Title - deeds OTHERS/2/img258.jpg'),
(33, 'img259.jpg', 12, '3', '/mashamba/v/images//COPIES Title - deeds OTHERS/2/img259.jpg'),
(34, 'img260.jpg', 12, '4', '/mashamba/v/images//COPIES Title - deeds OTHERS/2/img260.jpg'),
(35, 'img214.jpg', 13, '1', '/mashamba/v/images//COPIES Title - deeds OTHERS/20/img214.jpg'),
(36, 'img215.jpg', 13, '2', '/mashamba/v/images//COPIES Title - deeds OTHERS/20/img215.jpg'),
(37, 'img216.jpg', 13, '3', '/mashamba/v/images//COPIES Title - deeds OTHERS/20/img216.jpg'),
(38, 'img217.jpg', 14, '1', '/mashamba/v/images//COPIES Title - deeds OTHERS/21/img217.jpg'),
(39, 'img218.jpg', 15, '1', '/mashamba/v/images//COPIES Title - deeds OTHERS/22/img218.jpg'),
(40, 'img219.jpg', 16, '1', '/mashamba/v/images//COPIES Title - deeds OTHERS/23/img219.jpg'),
(41, 'img220.jpg', 16, '2', '/mashamba/v/images//COPIES Title - deeds OTHERS/23/img220.jpg'),
(42, 'img221.jpg', 16, '3', '/mashamba/v/images//COPIES Title - deeds OTHERS/23/img221.jpg'),
(43, 'img222.jpg', 16, '4', '/mashamba/v/images//COPIES Title - deeds OTHERS/23/img222.jpg'),
(44, 'img223.jpg', 17, '1', '/mashamba/v/images//COPIES Title - deeds OTHERS/24/img223.jpg'),
(45, 'img224.jpg', 17, '2', '/mashamba/v/images//COPIES Title - deeds OTHERS/24/img224.jpg'),
(46, 'img225.jpg', 17, '3', '/mashamba/v/images//COPIES Title - deeds OTHERS/24/img225.jpg'),
(47, 'img226.jpg', 17, '4', '/mashamba/v/images//COPIES Title - deeds OTHERS/24/img226.jpg'),
(48, 'img227.jpg', 17, '5', '/mashamba/v/images//COPIES Title - deeds OTHERS/24/img227.jpg'),
(49, 'img228.jpg', 18, '1', '/mashamba/v/images//COPIES Title - deeds OTHERS/25/img228.jpg'),
(50, 'img229.jpg', 18, '2', '/mashamba/v/images//COPIES Title - deeds OTHERS/25/img229.jpg'),
(51, 'img230.jpg', 18, '3', '/mashamba/v/images//COPIES Title - deeds OTHERS/25/img230.jpg'),
(52, 'img231.jpg', 18, '4', '/mashamba/v/images//COPIES Title - deeds OTHERS/25/img231.jpg'),
(53, 'img232.jpg', 19, '1', '/mashamba/v/images//COPIES Title - deeds OTHERS/26/img232.jpg'),
(54, 'img233.jpg', 19, '2', '/mashamba/v/images//COPIES Title - deeds OTHERS/26/img233.jpg'),
(55, 'img234.jpg', 19, '3', '/mashamba/v/images//COPIES Title - deeds OTHERS/26/img234.jpg'),
(56, 'img235.jpg', 19, '4', '/mashamba/v/images//COPIES Title - deeds OTHERS/26/img235.jpg'),
(57, 'img236.jpg', 20, '1', '/mashamba/v/images//COPIES Title - deeds OTHERS/27/img236.jpg'),
(58, 'img237.jpg', 20, '2', '/mashamba/v/images//COPIES Title - deeds OTHERS/27/img237.jpg'),
(59, 'img239.jpg', 20, '3', '/mashamba/v/images//COPIES Title - deeds OTHERS/27/img239.jpg'),
(60, 'img240.jpg', 20, '4', '/mashamba/v/images//COPIES Title - deeds OTHERS/27/img240.jpg'),
(61, 'img241.jpg', 21, '1', '/mashamba/v/images//COPIES Title - deeds OTHERS/28/img241.jpg'),
(62, 'img242.jpg', 21, '2', '/mashamba/v/images//COPIES Title - deeds OTHERS/28/img242.jpg'),
(63, 'img243.jpg', 21, '3', '/mashamba/v/images//COPIES Title - deeds OTHERS/28/img243.jpg'),
(64, 'img244.jpg', 21, '4', '/mashamba/v/images//COPIES Title - deeds OTHERS/28/img244.jpg'),
(65, 'img245.jpg', 22, '1', '/mashamba/v/images//COPIES Title - deeds OTHERS/29/img245.jpg'),
(66, 'img246.jpg', 22, '2', '/mashamba/v/images//COPIES Title - deeds OTHERS/29/img246.jpg'),
(67, 'img247.jpg', 22, '3', '/mashamba/v/images//COPIES Title - deeds OTHERS/29/img247.jpg'),
(68, 'img248.jpg', 22, '4', '/mashamba/v/images//COPIES Title - deeds OTHERS/29/img248.jpg'),
(69, 'img262.jpg', 23, '1', '/mashamba/v/images//COPIES Title - deeds OTHERS/3/img262.jpg'),
(70, 'img263.jpg', 23, '2', '/mashamba/v/images//COPIES Title - deeds OTHERS/3/img263.jpg'),
(71, 'img264.jpg', 23, '3', '/mashamba/v/images//COPIES Title - deeds OTHERS/3/img264.jpg'),
(72, 'img265.jpg', 23, '4', '/mashamba/v/images//COPIES Title - deeds OTHERS/3/img265.jpg'),
(73, 'img249.jpg', 24, '1', '/mashamba/v/images//COPIES Title - deeds OTHERS/30/img249.jpg'),
(74, 'img250.jpg', 24, '2', '/mashamba/v/images//COPIES Title - deeds OTHERS/30/img250.jpg'),
(75, 'img251.jpg', 24, '3', '/mashamba/v/images//COPIES Title - deeds OTHERS/30/img251.jpg'),
(76, 'img252.jpg', 24, '4', '/mashamba/v/images//COPIES Title - deeds OTHERS/30/img252.jpg'),
(77, 'img206.jpg', 25, '1', '/mashamba/v/images//COPIES Title - deeds OTHERS/31/img206.jpg'),
(78, 'img207.jpg', 25, '2', '/mashamba/v/images//COPIES Title - deeds OTHERS/31/img207.jpg'),
(79, 'img208.jpg', 25, '3', '/mashamba/v/images//COPIES Title - deeds OTHERS/31/img208.jpg'),
(80, 'img209.jpg', 25, '4', '/mashamba/v/images//COPIES Title - deeds OTHERS/31/img209.jpg'),
(81, 'img183.jpg', 26, '1', '/mashamba/v/images//COPIES Title - deeds OTHERS/32/img183.jpg'),
(82, 'img184.jpg', 26, '2', '/mashamba/v/images//COPIES Title - deeds OTHERS/32/img184.jpg'),
(83, 'img270.jpg', 27, '1', '/mashamba/v/images//COPIES Title - deeds OTHERS/4/img270.jpg'),
(84, 'img271.jpg', 27, '2', '/mashamba/v/images//COPIES Title - deeds OTHERS/4/img271.jpg'),
(85, 'img272.jpg', 27, '3', '/mashamba/v/images//COPIES Title - deeds OTHERS/4/img272.jpg'),
(86, 'img273.jpg', 27, '4', '/mashamba/v/images//COPIES Title - deeds OTHERS/4/img273.jpg'),
(87, 'img266.jpg', 28, '1', '/mashamba/v/images//COPIES Title - deeds OTHERS/5/img266.jpg'),
(88, 'img267.jpg', 28, '2', '/mashamba/v/images//COPIES Title - deeds OTHERS/5/img267.jpg'),
(89, 'img268.jpg', 28, '3', '/mashamba/v/images//COPIES Title - deeds OTHERS/5/img268.jpg'),
(90, 'img269.jpg', 28, '4', '/mashamba/v/images//COPIES Title - deeds OTHERS/5/img269.jpg'),
(91, 'img164.jpg', 29, '1', '/mashamba/v/images//COPIES Title - deeds OTHERS/6/img164.jpg'),
(92, 'img165.jpg', 29, '2', '/mashamba/v/images//COPIES Title - deeds OTHERS/6/img165.jpg'),
(93, 'img166.jpg', 29, '3', '/mashamba/v/images//COPIES Title - deeds OTHERS/6/img166.jpg'),
(94, 'img167.jpg', 29, '4', '/mashamba/v/images//COPIES Title - deeds OTHERS/6/img167.jpg'),
(95, 'img168.jpg', 30, '1', '/mashamba/v/images//COPIES Title - deeds OTHERS/7/img168.jpg'),
(96, 'img169.jpg', 30, '2', '/mashamba/v/images//COPIES Title - deeds OTHERS/7/img169.jpg'),
(97, 'img170.jpg', 31, '1', '/mashamba/v/images//COPIES Title - deeds OTHERS/8/img170.jpg'),
(98, 'img171.jpg', 31, '2', '/mashamba/v/images//COPIES Title - deeds OTHERS/8/img171.jpg'),
(99, 'img172.jpg', 31, '3', '/mashamba/v/images//COPIES Title - deeds OTHERS/8/img172.jpg'),
(100, 'img173.jpg', 31, '4', '/mashamba/v/images//COPIES Title - deeds OTHERS/8/img173.jpg'),
(101, 'img174.jpg', 31, '5', '/mashamba/v/images//COPIES Title - deeds OTHERS/8/img174.jpg'),
(102, 'img175.jpg', 31, '6', '/mashamba/v/images//COPIES Title - deeds OTHERS/8/img175.jpg'),
(103, 'img176.jpg', 31, '7', '/mashamba/v/images//COPIES Title - deeds OTHERS/8/img176.jpg'),
(104, 'img178.jpg', 32, '1', '/mashamba/v/images//COPIES Title - deeds OTHERS/9/img178.jpg'),
(105, 'img179.jpg', 32, '2', '/mashamba/v/images//COPIES Title - deeds OTHERS/9/img179.jpg'),
(106, 'img180.jpg', 32, '3', '/mashamba/v/images//COPIES Title - deeds OTHERS/9/img180.jpg'),
(107, 'img181.jpg', 32, '4', '/mashamba/v/images//COPIES Title - deeds OTHERS/9/img181.jpg'),
(108, 'img387.jpg', 33, '1', '/mashamba/v/images//ILKISUMET MUTATION/1/img387.jpg'),
(109, 'img388.jpg', 33, '2', '/mashamba/v/images//ILKISUMET MUTATION/1/img388.jpg'),
(110, 'img389.jpg', 33, '3', '/mashamba/v/images//ILKISUMET MUTATION/1/img389.jpg'),
(111, 'img390.jpg', 33, '4', '/mashamba/v/images//ILKISUMET MUTATION/1/img390.jpg'),
(112, 'img422.jpg', 34, '1', '/mashamba/v/images//ILKISUMET MUTATION/10/img422.jpg'),
(113, 'img391.jpg', 35, '1', '/mashamba/v/images//ILKISUMET MUTATION/2/img391.jpg'),
(114, 'img392.jpg', 35, '2', '/mashamba/v/images//ILKISUMET MUTATION/2/img392.jpg'),
(115, 'img393.jpg', 35, '3', '/mashamba/v/images//ILKISUMET MUTATION/2/img393.jpg'),
(116, 'img394.jpg', 35, '4', '/mashamba/v/images//ILKISUMET MUTATION/2/img394.jpg'),
(117, 'img396.jpg', 36, '1', '/mashamba/v/images//ILKISUMET MUTATION/3/img396.jpg'),
(118, 'img397.jpg', 36, '2', '/mashamba/v/images//ILKISUMET MUTATION/3/img397.jpg'),
(119, 'img398.jpg', 36, '3', '/mashamba/v/images//ILKISUMET MUTATION/3/img398.jpg'),
(120, 'img399.jpg', 36, '4', '/mashamba/v/images//ILKISUMET MUTATION/3/img399.jpg'),
(121, 'img400.jpg', 37, '1', '/mashamba/v/images//ILKISUMET MUTATION/4/img400.jpg'),
(122, 'img401.jpg', 37, '2', '/mashamba/v/images//ILKISUMET MUTATION/4/img401.jpg'),
(123, 'img402.jpg', 37, '3', '/mashamba/v/images//ILKISUMET MUTATION/4/img402.jpg'),
(124, 'img403.jpg', 37, '4', '/mashamba/v/images//ILKISUMET MUTATION/4/img403.jpg'),
(125, 'img404.jpg', 38, '1', '/mashamba/v/images//ILKISUMET MUTATION/5/img404.jpg'),
(126, 'img405.jpg', 38, '2', '/mashamba/v/images//ILKISUMET MUTATION/5/img405.jpg'),
(127, 'img406.jpg', 38, '3', '/mashamba/v/images//ILKISUMET MUTATION/5/img406.jpg'),
(128, 'img407.jpg', 38, '4', '/mashamba/v/images//ILKISUMET MUTATION/5/img407.jpg'),
(129, 'img408.jpg', 39, '1', '/mashamba/v/images//ILKISUMET MUTATION/6/img408.jpg'),
(130, 'img409.jpg', 39, '2', '/mashamba/v/images//ILKISUMET MUTATION/6/img409.jpg'),
(131, 'img410.jpg', 39, '3', '/mashamba/v/images//ILKISUMET MUTATION/6/img410.jpg'),
(132, 'img411.jpg', 39, '4', '/mashamba/v/images//ILKISUMET MUTATION/6/img411.jpg'),
(133, 'img412.jpg', 40, '1', '/mashamba/v/images//ILKISUMET MUTATION/7/img412.jpg'),
(134, 'img413.jpg', 40, '2', '/mashamba/v/images//ILKISUMET MUTATION/7/img413.jpg'),
(135, 'img414.jpg', 40, '3', '/mashamba/v/images//ILKISUMET MUTATION/7/img414.jpg'),
(136, 'img415.jpg', 40, '4', '/mashamba/v/images//ILKISUMET MUTATION/7/img415.jpg'),
(137, 'img416.jpg', 41, '1', '/mashamba/v/images//ILKISUMET MUTATION/8/img416.jpg'),
(138, 'img417.jpg', 41, '2', '/mashamba/v/images//ILKISUMET MUTATION/8/img417.jpg'),
(139, 'img418.jpg', 41, '3', '/mashamba/v/images//ILKISUMET MUTATION/8/img418.jpg'),
(140, 'img419.jpg', 41, '4', '/mashamba/v/images//ILKISUMET MUTATION/8/img419.jpg'),
(141, 'img420.jpg', 42, '1', '/mashamba/v/images//ILKISUMET MUTATION/9/img420.jpg'),
(142, 'img421.jpg', 42, '2', '/mashamba/v/images//ILKISUMET MUTATION/9/img421.jpg'),
(143, 'img001.jpg', 43, '1', '/mashamba/v/images//KAPUTEI/1/img001.jpg'),
(144, 'img002.jpg', 43, '2', '/mashamba/v/images//KAPUTEI/1/img002.jpg'),
(145, 'img003.jpg', 43, '3', '/mashamba/v/images//KAPUTEI/1/img003.jpg'),
(146, 'img004.jpg', 43, '4', '/mashamba/v/images//KAPUTEI/1/img004.jpg'),
(147, 'img005.jpg', 44, '1', '/mashamba/v/images//KAPUTEI/2/img005.jpg'),
(148, 'img006.jpg', 44, '2', '/mashamba/v/images//KAPUTEI/2/img006.jpg'),
(149, 'img007.jpg', 44, '3', '/mashamba/v/images//KAPUTEI/2/img007.jpg'),
(150, 'img008.jpg', 44, '4', '/mashamba/v/images//KAPUTEI/2/img008.jpg'),
(151, 'img009.jpg', 45, '1', '/mashamba/v/images//KAPUTEI/3/img009.jpg'),
(152, 'img010.jpg', 45, '2', '/mashamba/v/images//KAPUTEI/3/img010.jpg'),
(153, 'img011.jpg', 45, '3', '/mashamba/v/images//KAPUTEI/3/img011.jpg'),
(154, 'img012.jpg', 45, '4', '/mashamba/v/images//KAPUTEI/3/img012.jpg'),
(155, 'img013.jpg', 46, '1', '/mashamba/v/images//KAPUTEI/4/img013.jpg'),
(156, 'img014.jpg', 46, '2', '/mashamba/v/images//KAPUTEI/4/img014.jpg'),
(157, 'img015.jpg', 46, '3', '/mashamba/v/images//KAPUTEI/4/img015.jpg'),
(158, 'img016.jpg', 46, '4', '/mashamba/v/images//KAPUTEI/4/img016.jpg'),
(159, 'img017.jpg', 46, '5', '/mashamba/v/images//KAPUTEI/4/img017.jpg'),
(160, 'img018.jpg', 46, '6', '/mashamba/v/images//KAPUTEI/4/img018.jpg'),
(161, 'img019.jpg', 47, '1', '/mashamba/v/images//KAPUTEI/5/img019.jpg'),
(162, 'img020.jpg', 47, '2', '/mashamba/v/images//KAPUTEI/5/img020.jpg'),
(163, 'img021.jpg', 47, '3', '/mashamba/v/images//KAPUTEI/5/img021.jpg'),
(164, 'img022.jpg', 47, '4', '/mashamba/v/images//KAPUTEI/5/img022.jpg'),
(165, 'img023.jpg', 48, '1', '/mashamba/v/images//KAPUTEI/6/img023.jpg'),
(166, 'img024.jpg', 48, '2', '/mashamba/v/images//KAPUTEI/6/img024.jpg'),
(167, 'img025.jpg', 48, '3', '/mashamba/v/images//KAPUTEI/6/img025.jpg'),
(168, 'img026.jpg', 48, '4', '/mashamba/v/images//KAPUTEI/6/img026.jpg'),
(169, 'img031.jpg', 49, '1', '/mashamba/v/images//KAPUTEI/7/img031.jpg'),
(170, 'img032.jpg', 49, '2', '/mashamba/v/images//KAPUTEI/7/img032.jpg'),
(171, 'img033.jpg', 49, '3', '/mashamba/v/images//KAPUTEI/7/img033.jpg'),
(172, 'img034.jpg', 49, '4', '/mashamba/v/images//KAPUTEI/7/img034.jpg'),
(173, 'img035.jpg', 50, '1', '/mashamba/v/images//KAPUTEI/8/img035.jpg'),
(174, 'img036.jpg', 50, '2', '/mashamba/v/images//KAPUTEI/8/img036.jpg'),
(175, 'img037.jpg', 50, '3', '/mashamba/v/images//KAPUTEI/8/img037.jpg'),
(176, 'img038.jpg', 50, '4', '/mashamba/v/images//KAPUTEI/8/img038.jpg'),
(177, 'img039.jpg', 50, '5', '/mashamba/v/images//KAPUTEI/8/img039.jpg'),
(178, 'img040.jpg', 51, '1', '/mashamba/v/images//KAPUTEI/9/img040.jpg'),
(179, 'img041.jpg', 51, '2', '/mashamba/v/images//KAPUTEI/9/img041.jpg'),
(180, 'img042.jpg', 51, '3', '/mashamba/v/images//KAPUTEI/9/img042.jpg'),
(181, 'img043.jpg', 51, '4', '/mashamba/v/images//KAPUTEI/9/img043.jpg'),
(182, 'image-001.jpg', 52, '1', '/mashamba/v/images//Kipeto Mutations/1/image-001.jpg'),
(183, 'image-003.jpg', 52, '2', '/mashamba/v/images//Kipeto Mutations/1/image-003.jpg'),
(184, 'image-005.jpg', 52, '3', '/mashamba/v/images//Kipeto Mutations/1/image-005.jpg'),
(185, 'image-007.jpg', 52, '4', '/mashamba/v/images//Kipeto Mutations/1/image-007.jpg'),
(186, 'image-079.jpg', 53, '1', '/mashamba/v/images//Kipeto Mutations/10/image-079.jpg'),
(187, 'image-081.jpg', 53, '2', '/mashamba/v/images//Kipeto Mutations/10/image-081.jpg'),
(188, 'image-083.jpg', 53, '3', '/mashamba/v/images//Kipeto Mutations/10/image-083.jpg'),
(189, 'img481.jpg', 54, '1', '/mashamba/v/images//Kipeto Mutations/11/img481.jpg'),
(190, 'img482.jpg', 54, '2', '/mashamba/v/images//Kipeto Mutations/11/img482.jpg'),
(191, 'img483.jpg', 55, '1', '/mashamba/v/images//Kipeto Mutations/12/img483.jpg'),
(192, 'img484.jpg', 55, '2', '/mashamba/v/images//Kipeto Mutations/12/img484.jpg'),
(193, 'img485.jpg', 55, '3', '/mashamba/v/images//Kipeto Mutations/12/img485.jpg'),
(194, 'img486.jpg', 55, '4', '/mashamba/v/images//Kipeto Mutations/12/img486.jpg'),
(195, 'image-009.jpg', 56, '1', '/mashamba/v/images//Kipeto Mutations/2/image-009.jpg'),
(196, 'image-011.jpg', 56, '2', '/mashamba/v/images//Kipeto Mutations/2/image-011.jpg'),
(197, 'image-013.jpg', 56, '3', '/mashamba/v/images//Kipeto Mutations/2/image-013.jpg'),
(198, 'image-015.jpg', 56, '4', '/mashamba/v/images//Kipeto Mutations/2/image-015.jpg'),
(199, '1-37.jpg', 57, '1', '/mashamba/v/images//Kipeto Mutations/20/1-37.jpg'),
(200, '1-38.jpg', 57, '2', '/mashamba/v/images//Kipeto Mutations/20/1-38.jpg'),
(201, '1-39.jpg', 57, '3', '/mashamba/v/images//Kipeto Mutations/20/1-39.jpg'),
(202, '1-01.jpg', 58, '1', '/mashamba/v/images//Kipeto Mutations/21/1-01.jpg'),
(203, '1-02.jpg', 58, '2', '/mashamba/v/images//Kipeto Mutations/21/1-02.jpg'),
(204, '1-03.jpg', 58, '3', '/mashamba/v/images//Kipeto Mutations/21/1-03.jpg'),
(205, '1-04.jpg', 58, '4', '/mashamba/v/images//Kipeto Mutations/21/1-04.jpg'),
(206, '1-05.jpg', 59, '1', '/mashamba/v/images//Kipeto Mutations/22/1-05.jpg'),
(207, '1-06.jpg', 59, '2', '/mashamba/v/images//Kipeto Mutations/22/1-06.jpg'),
(208, '1-07.jpg', 59, '3', '/mashamba/v/images//Kipeto Mutations/22/1-07.jpg'),
(209, '1-08.jpg', 59, '4', '/mashamba/v/images//Kipeto Mutations/22/1-08.jpg'),
(210, '1-15.jpg', 60, '1', '/mashamba/v/images//Kipeto Mutations/23/1-15.jpg'),
(211, '1-16.jpg', 60, '2', '/mashamba/v/images//Kipeto Mutations/23/1-16.jpg'),
(212, '1-17.jpg', 60, '3', '/mashamba/v/images//Kipeto Mutations/23/1-17.jpg'),
(213, '1-18.jpg', 60, '4', '/mashamba/v/images//Kipeto Mutations/23/1-18.jpg'),
(214, '1-09.jpg', 61, '1', '/mashamba/v/images//Kipeto Mutations/24/1-09.jpg'),
(215, '1-10.jpg', 61, '2', '/mashamba/v/images//Kipeto Mutations/24/1-10.jpg'),
(216, '1-19.jpg', 62, '1', '/mashamba/v/images//Kipeto Mutations/25/1-19.jpg'),
(217, '1-20.jpg', 62, '2', '/mashamba/v/images//Kipeto Mutations/25/1-20.jpg'),
(218, '1-21.jpg', 62, '3', '/mashamba/v/images//Kipeto Mutations/25/1-21.jpg'),
(219, '1-22.jpg', 62, '4', '/mashamba/v/images//Kipeto Mutations/25/1-22.jpg'),
(220, '1-23.jpg', 63, '1', '/mashamba/v/images//Kipeto Mutations/26/1-23.jpg'),
(221, '1-24.jpg', 63, '2', '/mashamba/v/images//Kipeto Mutations/26/1-24.jpg'),
(222, '1-25.jpg', 63, '3', '/mashamba/v/images//Kipeto Mutations/26/1-25.jpg'),
(223, '1-26.jpg', 63, '4', '/mashamba/v/images//Kipeto Mutations/26/1-26.jpg'),
(224, '1-11.jpg', 64, '1', '/mashamba/v/images//Kipeto Mutations/27/1-11.jpg'),
(225, '1-12.jpg', 64, '2', '/mashamba/v/images//Kipeto Mutations/27/1-12.jpg'),
(226, '1-13.jpg', 64, '3', '/mashamba/v/images//Kipeto Mutations/27/1-13.jpg'),
(227, '1-14.jpg', 64, '4', '/mashamba/v/images//Kipeto Mutations/27/1-14.jpg'),
(228, '1-31.jpg', 65, '1', '/mashamba/v/images//Kipeto Mutations/28/1-31.jpg'),
(229, '1-32.jpg', 65, '2', '/mashamba/v/images//Kipeto Mutations/28/1-32.jpg'),
(230, '1-33.jpg', 65, '3', '/mashamba/v/images//Kipeto Mutations/28/1-33.jpg'),
(231, '1-34.jpg', 65, '4', '/mashamba/v/images//Kipeto Mutations/28/1-34.jpg'),
(232, '1-35.jpg', 66, '1', '/mashamba/v/images//Kipeto Mutations/29/1-35.jpg'),
(233, '1-36.jpg', 66, '2', '/mashamba/v/images//Kipeto Mutations/29/1-36.jpg'),
(234, 'image-017.jpg', 67, '1', '/mashamba/v/images//Kipeto Mutations/3/image-017.jpg'),
(235, 'image-019.jpg', 67, '2', '/mashamba/v/images//Kipeto Mutations/3/image-019.jpg'),
(236, '1-27.jpg', 68, '1', '/mashamba/v/images//Kipeto Mutations/31/1-27.jpg'),
(237, '1-28.jpg', 68, '2', '/mashamba/v/images//Kipeto Mutations/31/1-28.jpg'),
(238, '1-29.jpg', 68, '3', '/mashamba/v/images//Kipeto Mutations/31/1-29.jpg'),
(239, '1-30.jpg', 68, '4', '/mashamba/v/images//Kipeto Mutations/31/1-30.jpg'),
(240, '1-40.jpg', 69, '1', '/mashamba/v/images//Kipeto Mutations/32/1-40.jpg'),
(241, '1-41.jpg', 69, '2', '/mashamba/v/images//Kipeto Mutations/32/1-41.jpg'),
(242, '1-42.jpg', 69, '3', '/mashamba/v/images//Kipeto Mutations/32/1-42.jpg'),
(243, 'New Doc 05-31-2023 15.47-53.jpg', 70, '1', '/mashamba/v/images//Kipeto Mutations/33/New Doc 05-31-2023 15.47-53.jpg'),
(244, 'New Doc 05-31-2023 15.47-54.jpg', 70, '2', '/mashamba/v/images//Kipeto Mutations/33/New Doc 05-31-2023 15.47-54.jpg'),
(245, 'New Doc 05-31-2023 15.47-55.jpg', 70, '3', '/mashamba/v/images//Kipeto Mutations/33/New Doc 05-31-2023 15.47-55.jpg'),
(246, 'New Doc 05-31-2023 15.47-56.jpg', 70, '4', '/mashamba/v/images//Kipeto Mutations/33/New Doc 05-31-2023 15.47-56.jpg'),
(247, 'New Doc 05-31-2023 15.47-37.jpg', 71, '1', '/mashamba/v/images//Kipeto Mutations/34/New Doc 05-31-2023 15.47-37.jpg'),
(248, 'New Doc 05-31-2023 15.47-38.jpg', 71, '2', '/mashamba/v/images//Kipeto Mutations/34/New Doc 05-31-2023 15.47-38.jpg'),
(249, 'New Doc 05-31-2023 15.47-39.jpg', 71, '3', '/mashamba/v/images//Kipeto Mutations/34/New Doc 05-31-2023 15.47-39.jpg'),
(250, 'New Doc 05-31-2023 15.47-40.jpg', 71, '4', '/mashamba/v/images//Kipeto Mutations/34/New Doc 05-31-2023 15.47-40.jpg'),
(251, 'New Doc 05-31-2023 15.47-41.jpg', 72, '1', '/mashamba/v/images//Kipeto Mutations/35/New Doc 05-31-2023 15.47-41.jpg'),
(252, 'New Doc 05-31-2023 15.47-42.jpg', 72, '2', '/mashamba/v/images//Kipeto Mutations/35/New Doc 05-31-2023 15.47-42.jpg'),
(253, 'New Doc 05-31-2023 15.47-43.jpg', 72, '3', '/mashamba/v/images//Kipeto Mutations/35/New Doc 05-31-2023 15.47-43.jpg'),
(254, 'New Doc 05-31-2023 15.47-44.jpg', 72, '4', '/mashamba/v/images//Kipeto Mutations/35/New Doc 05-31-2023 15.47-44.jpg'),
(255, 'New Doc 05-31-2023 15.47-45.jpg', 73, '1', '/mashamba/v/images//Kipeto Mutations/36/New Doc 05-31-2023 15.47-45.jpg'),
(256, 'New Doc 05-31-2023 15.47-46.jpg', 73, '2', '/mashamba/v/images//Kipeto Mutations/36/New Doc 05-31-2023 15.47-46.jpg'),
(257, 'New Doc 05-31-2023 15.47-47.jpg', 73, '3', '/mashamba/v/images//Kipeto Mutations/36/New Doc 05-31-2023 15.47-47.jpg'),
(258, 'New Doc 05-31-2023 15.47-48.jpg', 73, '4', '/mashamba/v/images//Kipeto Mutations/36/New Doc 05-31-2023 15.47-48.jpg'),
(259, 'New Doc 05-31-2023 15.47-49.jpg', 74, '1', '/mashamba/v/images//Kipeto Mutations/37/New Doc 05-31-2023 15.47-49.jpg'),
(260, 'New Doc 05-31-2023 15.47-50.jpg', 74, '2', '/mashamba/v/images//Kipeto Mutations/37/New Doc 05-31-2023 15.47-50.jpg'),
(261, 'New Doc 05-31-2023 15.47-51.jpg', 74, '3', '/mashamba/v/images//Kipeto Mutations/37/New Doc 05-31-2023 15.47-51.jpg'),
(262, 'New Doc 05-31-2023 15.47-52.jpg', 74, '4', '/mashamba/v/images//Kipeto Mutations/37/New Doc 05-31-2023 15.47-52.jpg'),
(263, 'New Doc 05-31-2023 15.47-29.jpg', 75, '1', '/mashamba/v/images//Kipeto Mutations/38/New Doc 05-31-2023 15.47-29.jpg'),
(264, 'New Doc 05-31-2023 15.47-30.jpg', 75, '2', '/mashamba/v/images//Kipeto Mutations/38/New Doc 05-31-2023 15.47-30.jpg'),
(265, 'New Doc 05-31-2023 15.47-31.jpg', 75, '3', '/mashamba/v/images//Kipeto Mutations/38/New Doc 05-31-2023 15.47-31.jpg'),
(266, 'New Doc 05-31-2023 15.47-32.jpg', 75, '4', '/mashamba/v/images//Kipeto Mutations/38/New Doc 05-31-2023 15.47-32.jpg'),
(267, 'New Doc 05-31-2023 15.47-25.jpg', 76, '1', '/mashamba/v/images//Kipeto Mutations/39/New Doc 05-31-2023 15.47-25.jpg'),
(268, 'New Doc 05-31-2023 15.47-26.jpg', 76, '2', '/mashamba/v/images//Kipeto Mutations/39/New Doc 05-31-2023 15.47-26.jpg'),
(269, 'New Doc 05-31-2023 15.47-27.jpg', 76, '3', '/mashamba/v/images//Kipeto Mutations/39/New Doc 05-31-2023 15.47-27.jpg'),
(270, 'New Doc 05-31-2023 15.47-28.jpg', 76, '4', '/mashamba/v/images//Kipeto Mutations/39/New Doc 05-31-2023 15.47-28.jpg'),
(271, 'image-021.jpg', 77, '1', '/mashamba/v/images//Kipeto Mutations/4/image-021.jpg'),
(272, 'image-023.jpg', 77, '2', '/mashamba/v/images//Kipeto Mutations/4/image-023.jpg'),
(273, 'image-025.jpg', 77, '3', '/mashamba/v/images//Kipeto Mutations/4/image-025.jpg'),
(274, 'image-027.jpg', 77, '4', '/mashamba/v/images//Kipeto Mutations/4/image-027.jpg'),
(275, 'New Doc 05-31-2023 15.47-21.jpg', 78, '1', '/mashamba/v/images//Kipeto Mutations/40/New Doc 05-31-2023 15.47-21.jpg'),
(276, 'New Doc 05-31-2023 15.47-22.jpg', 78, '2', '/mashamba/v/images//Kipeto Mutations/40/New Doc 05-31-2023 15.47-22.jpg'),
(277, 'New Doc 05-31-2023 15.47-23.jpg', 78, '3', '/mashamba/v/images//Kipeto Mutations/40/New Doc 05-31-2023 15.47-23.jpg'),
(278, 'New Doc 05-31-2023 15.47-24.jpg', 78, '4', '/mashamba/v/images//Kipeto Mutations/40/New Doc 05-31-2023 15.47-24.jpg'),
(279, 'New Doc 05-31-2023 15.47-17.jpg', 79, '1', '/mashamba/v/images//Kipeto Mutations/41/New Doc 05-31-2023 15.47-17.jpg'),
(280, 'New Doc 05-31-2023 15.47-18.jpg', 79, '2', '/mashamba/v/images//Kipeto Mutations/41/New Doc 05-31-2023 15.47-18.jpg'),
(281, 'New Doc 05-31-2023 15.47-19.jpg', 79, '3', '/mashamba/v/images//Kipeto Mutations/41/New Doc 05-31-2023 15.47-19.jpg'),
(282, 'New Doc 05-31-2023 15.47-20.jpg', 79, '4', '/mashamba/v/images//Kipeto Mutations/41/New Doc 05-31-2023 15.47-20.jpg'),
(283, 'New Doc 05-31-2023 15.47-13.jpg', 80, '1', '/mashamba/v/images//Kipeto Mutations/42/New Doc 05-31-2023 15.47-13.jpg'),
(284, 'New Doc 05-31-2023 15.47-14.jpg', 80, '2', '/mashamba/v/images//Kipeto Mutations/42/New Doc 05-31-2023 15.47-14.jpg'),
(285, 'New Doc 05-31-2023 15.47-15.jpg', 80, '3', '/mashamba/v/images//Kipeto Mutations/42/New Doc 05-31-2023 15.47-15.jpg'),
(286, 'New Doc 05-31-2023 15.47-16.jpg', 80, '4', '/mashamba/v/images//Kipeto Mutations/42/New Doc 05-31-2023 15.47-16.jpg'),
(287, 'New Doc 05-31-2023 15.47-01.jpg', 81, '1', '/mashamba/v/images//Kipeto Mutations/43/New Doc 05-31-2023 15.47-01.jpg'),
(288, 'New Doc 05-31-2023 15.47-02.jpg', 81, '2', '/mashamba/v/images//Kipeto Mutations/43/New Doc 05-31-2023 15.47-02.jpg'),
(289, 'New Doc 05-31-2023 15.47-03.jpg', 81, '3', '/mashamba/v/images//Kipeto Mutations/43/New Doc 05-31-2023 15.47-03.jpg'),
(290, 'New Doc 05-31-2023 15.47-04.jpg', 81, '4', '/mashamba/v/images//Kipeto Mutations/43/New Doc 05-31-2023 15.47-04.jpg'),
(291, 'New Doc 05-31-2023 15.47-05.jpg', 82, '1', '/mashamba/v/images//Kipeto Mutations/44/New Doc 05-31-2023 15.47-05.jpg'),
(292, 'New Doc 05-31-2023 15.47-06.jpg', 82, '2', '/mashamba/v/images//Kipeto Mutations/44/New Doc 05-31-2023 15.47-06.jpg'),
(293, 'New Doc 05-31-2023 15.47-07.jpg', 82, '3', '/mashamba/v/images//Kipeto Mutations/44/New Doc 05-31-2023 15.47-07.jpg'),
(294, 'New Doc 05-31-2023 15.47-08.jpg', 82, '4', '/mashamba/v/images//Kipeto Mutations/44/New Doc 05-31-2023 15.47-08.jpg'),
(295, 'New Doc 05-31-2023 15.47-33.jpg', 83, '1', '/mashamba/v/images//Kipeto Mutations/45/New Doc 05-31-2023 15.47-33.jpg'),
(296, 'New Doc 05-31-2023 15.47-34.jpg', 83, '2', '/mashamba/v/images//Kipeto Mutations/45/New Doc 05-31-2023 15.47-34.jpg'),
(297, 'New Doc 05-31-2023 15.47-35.jpg', 83, '3', '/mashamba/v/images//Kipeto Mutations/45/New Doc 05-31-2023 15.47-35.jpg'),
(298, 'New Doc 05-31-2023 15.47-36.jpg', 83, '4', '/mashamba/v/images//Kipeto Mutations/45/New Doc 05-31-2023 15.47-36.jpg'),
(299, 'New Doc 05-31-2023 15.47-09.jpg', 84, '1', '/mashamba/v/images//Kipeto Mutations/46/New Doc 05-31-2023 15.47-09.jpg'),
(300, 'New Doc 05-31-2023 15.47-10.jpg', 84, '2', '/mashamba/v/images//Kipeto Mutations/46/New Doc 05-31-2023 15.47-10.jpg'),
(301, 'New Doc 05-31-2023 15.47-11.jpg', 84, '3', '/mashamba/v/images//Kipeto Mutations/46/New Doc 05-31-2023 15.47-11.jpg'),
(302, 'New Doc 05-31-2023 15.47-12.jpg', 84, '4', '/mashamba/v/images//Kipeto Mutations/46/New Doc 05-31-2023 15.47-12.jpg'),
(303, 'New Doc 05-31-2023 15.47-65.jpg', 85, '1', '/mashamba/v/images//Kipeto Mutations/47/New Doc 05-31-2023 15.47-65.jpg'),
(304, 'New Doc 05-31-2023 15.47-66.jpg', 85, '2', '/mashamba/v/images//Kipeto Mutations/47/New Doc 05-31-2023 15.47-66.jpg'),
(305, 'New Doc 05-31-2023 15.47-67.jpg', 85, '3', '/mashamba/v/images//Kipeto Mutations/47/New Doc 05-31-2023 15.47-67.jpg'),
(306, 'New Doc 05-31-2023 15.47-68.jpg', 85, '4', '/mashamba/v/images//Kipeto Mutations/47/New Doc 05-31-2023 15.47-68.jpg'),
(307, 'New Doc 05-31-2023 15.47-69.jpg', 86, '1', '/mashamba/v/images//Kipeto Mutations/48/New Doc 05-31-2023 15.47-69.jpg'),
(308, 'New Doc 05-31-2023 15.47-70.jpg', 86, '2', '/mashamba/v/images//Kipeto Mutations/48/New Doc 05-31-2023 15.47-70.jpg'),
(309, 'New Doc 05-31-2023 15.47-71.jpg', 86, '3', '/mashamba/v/images//Kipeto Mutations/48/New Doc 05-31-2023 15.47-71.jpg'),
(310, 'New Doc 05-31-2023 15.47-72.jpg', 86, '4', '/mashamba/v/images//Kipeto Mutations/48/New Doc 05-31-2023 15.47-72.jpg'),
(311, 'New Doc 05-31-2023 15.47-73.jpg', 87, '1', '/mashamba/v/images//Kipeto Mutations/49/New Doc 05-31-2023 15.47-73.jpg'),
(312, 'New Doc 05-31-2023 15.47-74.jpg', 87, '2', '/mashamba/v/images//Kipeto Mutations/49/New Doc 05-31-2023 15.47-74.jpg'),
(313, 'New Doc 05-31-2023 15.47-75.jpg', 87, '3', '/mashamba/v/images//Kipeto Mutations/49/New Doc 05-31-2023 15.47-75.jpg'),
(314, 'New Doc 05-31-2023 15.47-76.jpg', 87, '4', '/mashamba/v/images//Kipeto Mutations/49/New Doc 05-31-2023 15.47-76.jpg'),
(315, 'image-029.jpg', 88, '1', '/mashamba/v/images//Kipeto Mutations/5/image-029.jpg'),
(316, 'image-031.jpg', 88, '2', '/mashamba/v/images//Kipeto Mutations/5/image-031.jpg'),
(317, 'image-033.jpg', 88, '3', '/mashamba/v/images//Kipeto Mutations/5/image-033.jpg'),
(318, 'image-035.jpg', 88, '4', '/mashamba/v/images//Kipeto Mutations/5/image-035.jpg'),
(319, 'New Doc 05-31-2023 15.47-61.jpg', 89, '1', '/mashamba/v/images//Kipeto Mutations/50/New Doc 05-31-2023 15.47-61.jpg'),
(320, 'New Doc 05-31-2023 15.47-62.jpg', 89, '2', '/mashamba/v/images//Kipeto Mutations/50/New Doc 05-31-2023 15.47-62.jpg'),
(321, 'New Doc 05-31-2023 15.47-63.jpg', 89, '3', '/mashamba/v/images//Kipeto Mutations/50/New Doc 05-31-2023 15.47-63.jpg'),
(322, 'New Doc 05-31-2023 15.47-64.jpg', 89, '4', '/mashamba/v/images//Kipeto Mutations/50/New Doc 05-31-2023 15.47-64.jpg'),
(323, 'New Doc 05-31-2023 15.47-57.jpg', 90, '1', '/mashamba/v/images//Kipeto Mutations/51/New Doc 05-31-2023 15.47-57.jpg'),
(324, 'New Doc 05-31-2023 15.47-58.jpg', 90, '2', '/mashamba/v/images//Kipeto Mutations/51/New Doc 05-31-2023 15.47-58.jpg'),
(325, 'New Doc 05-31-2023 15.47-59.jpg', 90, '3', '/mashamba/v/images//Kipeto Mutations/51/New Doc 05-31-2023 15.47-59.jpg'),
(326, 'New Doc 05-31-2023 15.47-60.jpg', 90, '4', '/mashamba/v/images//Kipeto Mutations/51/New Doc 05-31-2023 15.47-60.jpg'),
(327, 'image-037.jpg', 91, '1', '/mashamba/v/images//Kipeto Mutations/6/image-037.jpg'),
(328, 'image-039.jpg', 91, '2', '/mashamba/v/images//Kipeto Mutations/6/image-039.jpg'),
(329, 'image-041.jpg', 91, '3', '/mashamba/v/images//Kipeto Mutations/6/image-041.jpg'),
(330, 'image-043.jpg', 91, '4', '/mashamba/v/images//Kipeto Mutations/6/image-043.jpg'),
(331, 'image-045.jpg', 92, '1', '/mashamba/v/images//Kipeto Mutations/7/image-045.jpg'),
(332, 'image-047.jpg', 92, '2', '/mashamba/v/images//Kipeto Mutations/7/image-047.jpg'),
(333, 'image-049.jpg', 92, '3', '/mashamba/v/images//Kipeto Mutations/7/image-049.jpg'),
(334, 'image-051.jpg', 92, '4', '/mashamba/v/images//Kipeto Mutations/7/image-051.jpg'),
(335, 'image-053.jpg', 93, '1', '/mashamba/v/images//Kipeto Mutations/8/image-053.jpg'),
(336, 'image-055.jpg', 93, '2', '/mashamba/v/images//Kipeto Mutations/8/image-055.jpg'),
(337, 'image-057.jpg', 93, '3', '/mashamba/v/images//Kipeto Mutations/8/image-057.jpg'),
(338, 'image-059.jpg', 93, '4', '/mashamba/v/images//Kipeto Mutations/8/image-059.jpg'),
(339, 'image-063.jpg', 93, '5', '/mashamba/v/images//Kipeto Mutations/8/image-063.jpg'),
(340, 'image-065.jpg', 93, '6', '/mashamba/v/images//Kipeto Mutations/8/image-065.jpg'),
(341, 'image-067.jpg', 93, '7', '/mashamba/v/images//Kipeto Mutations/8/image-067.jpg'),
(342, 'image-071.jpg', 93, '8', '/mashamba/v/images//Kipeto Mutations/8/image-071.jpg'),
(343, 'image-073.jpg', 94, '1', '/mashamba/v/images//Kipeto Mutations/9/image-073.jpg'),
(344, 'image-075.jpg', 94, '2', '/mashamba/v/images//Kipeto Mutations/9/image-075.jpg'),
(345, 'image-077.jpg', 94, '3', '/mashamba/v/images//Kipeto Mutations/9/image-077.jpg'),
(346, 'img306.jpg', 95, '1', '/mashamba/v/images//LOODARIAK TTLE COPIES/1/img306.jpg'),
(347, 'img307.jpg', 95, '2', '/mashamba/v/images//LOODARIAK TTLE COPIES/1/img307.jpg'),
(348, 'img336.jpg', 96, '1', '/mashamba/v/images//LOODARIAK TTLE COPIES/10/img336.jpg'),
(349, 'img337.jpg', 96, '2', '/mashamba/v/images//LOODARIAK TTLE COPIES/10/img337.jpg'),
(350, 'img338.jpg', 96, '3', '/mashamba/v/images//LOODARIAK TTLE COPIES/10/img338.jpg'),
(351, 'img339.jpg', 96, '4', '/mashamba/v/images//LOODARIAK TTLE COPIES/10/img339.jpg'),
(352, 'img340.jpg', 97, '1', '/mashamba/v/images//LOODARIAK TTLE COPIES/11/img340.jpg'),
(353, 'img341.jpg', 97, '2', '/mashamba/v/images//LOODARIAK TTLE COPIES/11/img341.jpg'),
(354, 'img342.jpg', 97, '3', '/mashamba/v/images//LOODARIAK TTLE COPIES/11/img342.jpg'),
(355, 'img343.jpg', 97, '4', '/mashamba/v/images//LOODARIAK TTLE COPIES/11/img343.jpg'),
(356, 'img344.jpg', 98, '1', '/mashamba/v/images//LOODARIAK TTLE COPIES/12/img344.jpg'),
(357, 'img345.jpg', 98, '2', '/mashamba/v/images//LOODARIAK TTLE COPIES/12/img345.jpg'),
(358, 'img346.jpg', 99, '1', '/mashamba/v/images//LOODARIAK TTLE COPIES/13/img346.jpg'),
(359, 'img347.jpg', 99, '2', '/mashamba/v/images//LOODARIAK TTLE COPIES/13/img347.jpg'),
(360, 'img348.jpg', 100, '1', '/mashamba/v/images//LOODARIAK TTLE COPIES/14/img348.jpg'),
(361, 'img349.jpg', 100, '2', '/mashamba/v/images//LOODARIAK TTLE COPIES/14/img349.jpg'),
(362, 'img350.jpg', 101, '1', '/mashamba/v/images//LOODARIAK TTLE COPIES/15/img350.jpg'),
(363, 'img351.jpg', 101, '2', '/mashamba/v/images//LOODARIAK TTLE COPIES/15/img351.jpg'),
(364, 'img352.jpg', 102, '1', '/mashamba/v/images//LOODARIAK TTLE COPIES/16/img352.jpg'),
(365, 'img353.jpg', 103, '1', '/mashamba/v/images//LOODARIAK TTLE COPIES/17/img353.jpg'),
(366, 'img354.jpg', 104, '1', '/mashamba/v/images//LOODARIAK TTLE COPIES/18/img354.jpg'),
(367, 'img308.jpg', 105, '1', '/mashamba/v/images//LOODARIAK TTLE COPIES/2/img308.jpg'),
(368, 'img309.jpg', 105, '2', '/mashamba/v/images//LOODARIAK TTLE COPIES/2/img309.jpg'),
(369, 'img310.jpg', 105, '3', '/mashamba/v/images//LOODARIAK TTLE COPIES/2/img310.jpg'),
(370, 'img311.jpg', 105, '4', '/mashamba/v/images//LOODARIAK TTLE COPIES/2/img311.jpg'),
(371, 'img312.jpg', 106, '1', '/mashamba/v/images//LOODARIAK TTLE COPIES/3/img312.jpg'),
(372, 'img313.jpg', 106, '2', '/mashamba/v/images//LOODARIAK TTLE COPIES/3/img313.jpg'),
(373, 'img314.jpg', 106, '3', '/mashamba/v/images//LOODARIAK TTLE COPIES/3/img314.jpg'),
(374, 'img315.jpg', 106, '4', '/mashamba/v/images//LOODARIAK TTLE COPIES/3/img315.jpg'),
(375, 'img316.jpg', 107, '1', '/mashamba/v/images//LOODARIAK TTLE COPIES/4/img316.jpg'),
(376, 'img317.jpg', 107, '2', '/mashamba/v/images//LOODARIAK TTLE COPIES/4/img317.jpg'),
(377, 'img318.jpg', 107, '3', '/mashamba/v/images//LOODARIAK TTLE COPIES/4/img318.jpg'),
(378, 'img319.jpg', 107, '4', '/mashamba/v/images//LOODARIAK TTLE COPIES/4/img319.jpg'),
(379, 'img320.jpg', 108, '1', '/mashamba/v/images//LOODARIAK TTLE COPIES/5/img320.jpg'),
(380, 'img321.jpg', 108, '2', '/mashamba/v/images//LOODARIAK TTLE COPIES/5/img321.jpg'),
(381, 'img322.jpg', 108, '3', '/mashamba/v/images//LOODARIAK TTLE COPIES/5/img322.jpg'),
(382, 'img323.jpg', 108, '4', '/mashamba/v/images//LOODARIAK TTLE COPIES/5/img323.jpg'),
(383, 'img324.jpg', 109, '1', '/mashamba/v/images//LOODARIAK TTLE COPIES/6/img324.jpg'),
(384, 'img325.jpg', 109, '2', '/mashamba/v/images//LOODARIAK TTLE COPIES/6/img325.jpg'),
(385, 'img326.jpg', 110, '1', '/mashamba/v/images//LOODARIAK TTLE COPIES/7/img326.jpg'),
(386, 'img327.jpg', 110, '2', '/mashamba/v/images//LOODARIAK TTLE COPIES/7/img327.jpg'),
(387, 'img328.jpg', 111, '1', '/mashamba/v/images//LOODARIAK TTLE COPIES/8/img328.jpg'),
(388, 'img329.jpg', 111, '2', '/mashamba/v/images//LOODARIAK TTLE COPIES/8/img329.jpg'),
(389, 'img330.jpg', 111, '3', '/mashamba/v/images//LOODARIAK TTLE COPIES/8/img330.jpg'),
(390, 'img331.jpg', 111, '4', '/mashamba/v/images//LOODARIAK TTLE COPIES/8/img331.jpg'),
(391, 'img332.jpg', 112, '1', '/mashamba/v/images//LOODARIAK TTLE COPIES/9/img332.jpg'),
(392, 'img333.jpg', 112, '2', '/mashamba/v/images//LOODARIAK TTLE COPIES/9/img333.jpg'),
(393, 'img334.jpg', 112, '3', '/mashamba/v/images//LOODARIAK TTLE COPIES/9/img334.jpg'),
(394, 'img335.jpg', 112, '4', '/mashamba/v/images//LOODARIAK TTLE COPIES/9/img335.jpg'),
(395, 'img046.jpg', 113, '1', '/mashamba/v/images//NGONG NGONG/1/img046.jpg'),
(396, 'img047.jpg', 113, '2', '/mashamba/v/images//NGONG NGONG/1/img047.jpg'),
(397, 'img048.jpg', 113, '3', '/mashamba/v/images//NGONG NGONG/1/img048.jpg'),
(398, 'img049.jpg', 113, '4', '/mashamba/v/images//NGONG NGONG/1/img049.jpg'),
(399, 'img084.jpg', 114, '1', '/mashamba/v/images//NGONG NGONG/10/img084.jpg'),
(400, 'img085.jpg', 114, '2', '/mashamba/v/images//NGONG NGONG/10/img085.jpg'),
(401, 'img086.jpg', 115, '1', '/mashamba/v/images//NGONG NGONG/11/img086.jpg'),
(402, 'img087.jpg', 115, '2', '/mashamba/v/images//NGONG NGONG/11/img087.jpg'),
(403, 'img088.jpg', 115, '3', '/mashamba/v/images//NGONG NGONG/11/img088.jpg'),
(404, 'img089.jpg', 115, '4', '/mashamba/v/images//NGONG NGONG/11/img089.jpg'),
(405, 'img090.jpg', 116, '1', '/mashamba/v/images//NGONG NGONG/12/img090.jpg'),
(406, 'img091.jpg', 116, '2', '/mashamba/v/images//NGONG NGONG/12/img091.jpg'),
(407, 'img092.jpg', 116, '3', '/mashamba/v/images//NGONG NGONG/12/img092.jpg'),
(408, 'img093.jpg', 116, '4', '/mashamba/v/images//NGONG NGONG/12/img093.jpg'),
(409, 'img094.jpg', 117, '1', '/mashamba/v/images//NGONG NGONG/13/img094.jpg'),
(410, 'img095.jpg', 117, '2', '/mashamba/v/images//NGONG NGONG/13/img095.jpg'),
(411, 'img096.jpg', 117, '3', '/mashamba/v/images//NGONG NGONG/13/img096.jpg'),
(412, 'img097.jpg', 117, '4', '/mashamba/v/images//NGONG NGONG/13/img097.jpg'),
(413, 'img099.jpg', 118, '1', '/mashamba/v/images//NGONG NGONG/14/img099.jpg'),
(414, 'img100.jpg', 118, '2', '/mashamba/v/images//NGONG NGONG/14/img100.jpg'),
(415, 'img101.jpg', 118, '3', '/mashamba/v/images//NGONG NGONG/14/img101.jpg'),
(416, 'img102.jpg', 118, '4', '/mashamba/v/images//NGONG NGONG/14/img102.jpg'),
(417, 'img107.jpg', 119, '1', '/mashamba/v/images//NGONG NGONG/15/img107.jpg'),
(418, 'img108.jpg', 119, '2', '/mashamba/v/images//NGONG NGONG/15/img108.jpg'),
(419, 'img109.jpg', 119, '3', '/mashamba/v/images//NGONG NGONG/15/img109.jpg'),
(420, 'img110.jpg', 119, '4', '/mashamba/v/images//NGONG NGONG/15/img110.jpg'),
(421, 'img111.jpg', 119, '5', '/mashamba/v/images//NGONG NGONG/15/img111.jpg'),
(422, 'img112.jpg', 119, '6', '/mashamba/v/images//NGONG NGONG/15/img112.jpg'),
(423, 'img116.jpg', 120, '1', '/mashamba/v/images//NGONG NGONG/16/img116.jpg'),
(424, 'img117.jpg', 120, '2', '/mashamba/v/images//NGONG NGONG/16/img117.jpg'),
(425, 'img118.jpg', 120, '3', '/mashamba/v/images//NGONG NGONG/16/img118.jpg'),
(426, 'img119.jpg', 120, '4', '/mashamba/v/images//NGONG NGONG/16/img119.jpg'),
(427, 'img067.jpg', 121, '1', '/mashamba/v/images//NGONG NGONG/17/img067.jpg'),
(428, 'img068.jpg', 121, '2', '/mashamba/v/images//NGONG NGONG/17/img068.jpg'),
(429, 'img069.jpg', 121, '3', '/mashamba/v/images//NGONG NGONG/17/img069.jpg'),
(430, 'img070.jpg', 121, '4', '/mashamba/v/images//NGONG NGONG/17/img070.jpg'),
(431, 'img071.jpg', 122, '1', '/mashamba/v/images//NGONG NGONG/18/img071.jpg'),
(432, 'img103.jpg', 123, '1', '/mashamba/v/images//NGONG NGONG/19/img103.jpg'),
(433, 'img104.jpg', 123, '2', '/mashamba/v/images//NGONG NGONG/19/img104.jpg'),
(434, 'img105.jpg', 123, '3', '/mashamba/v/images//NGONG NGONG/19/img105.jpg'),
(435, 'img106.jpg', 123, '4', '/mashamba/v/images//NGONG NGONG/19/img106.jpg'),
(436, 'img050.jpg', 124, '1', '/mashamba/v/images//NGONG NGONG/2/img050.jpg'),
(437, 'img051.jpg', 124, '2', '/mashamba/v/images//NGONG NGONG/2/img051.jpg'),
(438, 'img052.jpg', 124, '3', '/mashamba/v/images//NGONG NGONG/2/img052.jpg'),
(439, 'img053.jpg', 124, '4', '/mashamba/v/images//NGONG NGONG/2/img053.jpg'),
(440, 'img113.jpg', 125, '1', '/mashamba/v/images//NGONG NGONG/21/img113.jpg'),
(441, 'img114.jpg', 125, '2', '/mashamba/v/images//NGONG NGONG/21/img114.jpg'),
(442, 'img115.jpg', 126, '1', '/mashamba/v/images//NGONG NGONG/22/img115.jpg'),
(443, 'img098.jpg', 127, '1', '/mashamba/v/images//NGONG NGONG/23/img098.jpg'),
(444, 'img054.jpg', 128, '1', '/mashamba/v/images//NGONG NGONG/3/img054.jpg'),
(445, 'img055.jpg', 128, '2', '/mashamba/v/images//NGONG NGONG/3/img055.jpg'),
(446, 'img056.jpg', 128, '3', '/mashamba/v/images//NGONG NGONG/3/img056.jpg'),
(447, 'img057.jpg', 128, '4', '/mashamba/v/images//NGONG NGONG/3/img057.jpg'),
(448, 'img058.jpg', 129, '1', '/mashamba/v/images//NGONG NGONG/4/img058.jpg'),
(449, 'img059.jpg', 129, '2', '/mashamba/v/images//NGONG NGONG/4/img059.jpg'),
(450, 'img061.jpg', 129, '3', '/mashamba/v/images//NGONG NGONG/4/img061.jpg'),
(451, 'img062.jpg', 129, '4', '/mashamba/v/images//NGONG NGONG/4/img062.jpg'),
(452, 'img063.jpg', 130, '1', '/mashamba/v/images//NGONG NGONG/5/img063.jpg'),
(453, 'img064.jpg', 130, '2', '/mashamba/v/images//NGONG NGONG/5/img064.jpg'),
(454, 'img065.jpg', 130, '3', '/mashamba/v/images//NGONG NGONG/5/img065.jpg'),
(455, 'img066.jpg', 130, '4', '/mashamba/v/images//NGONG NGONG/5/img066.jpg'),
(456, 'img076.jpg', 131, '1', '/mashamba/v/images//NGONG NGONG/6/img076.jpg'),
(457, 'img077.jpg', 131, '2', '/mashamba/v/images//NGONG NGONG/6/img077.jpg'),
(458, 'img078.jpg', 132, '1', '/mashamba/v/images//NGONG NGONG/7/img078.jpg'),
(459, 'img079.jpg', 132, '2', '/mashamba/v/images//NGONG NGONG/7/img079.jpg'),
(460, 'img072.jpg', 133, '1', '/mashamba/v/images//NGONG NGONG/8/img072.jpg'),
(461, 'img073.jpg', 133, '2', '/mashamba/v/images//NGONG NGONG/8/img073.jpg'),
(462, 'img074.jpg', 133, '3', '/mashamba/v/images//NGONG NGONG/8/img074.jpg'),
(463, 'img075.jpg', 133, '4', '/mashamba/v/images//NGONG NGONG/8/img075.jpg'),
(464, 'img080.jpg', 134, '1', '/mashamba/v/images//NGONG NGONG/9/img080.jpg'),
(465, 'img081.jpg', 134, '2', '/mashamba/v/images//NGONG NGONG/9/img081.jpg'),
(466, 'img082.jpg', 134, '3', '/mashamba/v/images//NGONG NGONG/9/img082.jpg'),
(467, 'img083.jpg', 134, '4', '/mashamba/v/images//NGONG NGONG/9/img083.jpg'),
(468, 'img120.jpg', 135, '1', '/mashamba/v/images//NGONG NGONG2/1/img120.jpg'),
(469, 'img121.jpg', 135, '2', '/mashamba/v/images//NGONG NGONG2/1/img121.jpg'),
(470, 'img122.jpg', 135, '3', '/mashamba/v/images//NGONG NGONG2/1/img122.jpg'),
(471, 'img123.jpg', 135, '4', '/mashamba/v/images//NGONG NGONG2/1/img123.jpg'),
(472, 'img124.jpg', 136, '1', '/mashamba/v/images//NGONG NGONG2/2/img124.jpg'),
(473, 'img125.jpg', 136, '2', '/mashamba/v/images//NGONG NGONG2/2/img125.jpg'),
(474, 'img127.jpg', 136, '3', '/mashamba/v/images//NGONG NGONG2/2/img127.jpg'),
(475, 'img128.jpg', 136, '4', '/mashamba/v/images//NGONG NGONG2/2/img128.jpg'),
(476, 'img129.jpg', 137, '1', '/mashamba/v/images//NGONG NGONG2/3/img129.jpg'),
(477, 'img130.jpg', 137, '2', '/mashamba/v/images//NGONG NGONG2/3/img130.jpg'),
(478, 'img131.jpg', 137, '3', '/mashamba/v/images//NGONG NGONG2/3/img131.jpg'),
(479, 'img132.jpg', 137, '4', '/mashamba/v/images//NGONG NGONG2/3/img132.jpg'),
(480, 'img137.jpg', 138, '1', '/mashamba/v/images//NGONG NGONG2/4/img137.jpg'),
(481, 'img138.jpg', 138, '2', '/mashamba/v/images//NGONG NGONG2/4/img138.jpg'),
(482, 'img139.jpg', 138, '3', '/mashamba/v/images//NGONG NGONG2/4/img139.jpg'),
(483, 'img140.jpg', 138, '4', '/mashamba/v/images//NGONG NGONG2/4/img140.jpg'),
(484, 'img141.jpg', 139, '1', '/mashamba/v/images//NGONG NGONG2/5/img141.jpg'),
(485, 'img142.jpg', 139, '2', '/mashamba/v/images//NGONG NGONG2/5/img142.jpg'),
(486, 'img144.jpg', 139, '3', '/mashamba/v/images//NGONG NGONG2/5/img144.jpg'),
(487, 'img145.jpg', 140, '1', '/mashamba/v/images//NGONG NGONG2/6/img145.jpg'),
(488, 'img146.jpg', 140, '2', '/mashamba/v/images//NGONG NGONG2/6/img146.jpg'),
(489, 'img147.jpg', 140, '3', '/mashamba/v/images//NGONG NGONG2/6/img147.jpg'),
(490, 'img148.jpg', 140, '4', '/mashamba/v/images//NGONG NGONG2/6/img148.jpg'),
(491, 'img149.jpg', 141, '1', '/mashamba/v/images//NGONG NGONG2/7/img149.jpg'),
(492, 'img150.jpg', 141, '2', '/mashamba/v/images//NGONG NGONG2/7/img150.jpg'),
(493, 'img151.jpg', 141, '3', '/mashamba/v/images//NGONG NGONG2/7/img151.jpg'),
(494, 'img152.jpg', 141, '4', '/mashamba/v/images//NGONG NGONG2/7/img152.jpg'),
(495, 'img153.jpg', 142, '1', '/mashamba/v/images//NGONG NGONG2/8/img153.jpg'),
(496, 'img154.jpg', 142, '2', '/mashamba/v/images//NGONG NGONG2/8/img154.jpg'),
(497, 'img155.jpg', 142, '3', '/mashamba/v/images//NGONG NGONG2/8/img155.jpg'),
(498, 'img156.jpg', 142, '4', '/mashamba/v/images//NGONG NGONG2/8/img156.jpg'),
(499, 'img274.jpg', 143, '1', '/mashamba/v/images//NTASHART TTD COPIES/1/img274.jpg'),
(500, 'img275.jpg', 143, '2', '/mashamba/v/images//NTASHART TTD COPIES/1/img275.jpg'),
(501, 'img276.jpg', 143, '3', '/mashamba/v/images//NTASHART TTD COPIES/1/img276.jpg'),
(502, 'img277.jpg', 143, '4', '/mashamba/v/images//NTASHART TTD COPIES/1/img277.jpg'),
(503, 'img278.jpg', 144, '1', '/mashamba/v/images//NTASHART TTD COPIES/2/img278.jpg'),
(504, 'img279.jpg', 144, '2', '/mashamba/v/images//NTASHART TTD COPIES/2/img279.jpg'),
(505, 'img280.jpg', 144, '3', '/mashamba/v/images//NTASHART TTD COPIES/2/img280.jpg'),
(506, 'img281.jpg', 144, '4', '/mashamba/v/images//NTASHART TTD COPIES/2/img281.jpg'),
(507, 'img282.jpg', 145, '1', '/mashamba/v/images//NTASHART TTD COPIES/3/img282.jpg'),
(508, 'img283.jpg', 145, '2', '/mashamba/v/images//NTASHART TTD COPIES/3/img283.jpg'),
(509, 'img284.jpg', 145, '3', '/mashamba/v/images//NTASHART TTD COPIES/3/img284.jpg'),
(510, 'img285.jpg', 145, '4', '/mashamba/v/images//NTASHART TTD COPIES/3/img285.jpg'),
(511, 'img286.jpg', 146, '1', '/mashamba/v/images//NTASHART TTD COPIES/4/img286.jpg'),
(512, 'img287.jpg', 146, '2', '/mashamba/v/images//NTASHART TTD COPIES/4/img287.jpg'),
(513, 'img288.jpg', 146, '3', '/mashamba/v/images//NTASHART TTD COPIES/4/img288.jpg'),
(514, 'img289.jpg', 146, '4', '/mashamba/v/images//NTASHART TTD COPIES/4/img289.jpg'),
(515, 'img290.jpg', 147, '1', '/mashamba/v/images//NTASHART TTD COPIES/5/img290.jpg'),
(516, 'img291.jpg', 147, '2', '/mashamba/v/images//NTASHART TTD COPIES/5/img291.jpg'),
(517, 'img292.jpg', 147, '3', '/mashamba/v/images//NTASHART TTD COPIES/5/img292.jpg'),
(518, 'img293.jpg', 147, '4', '/mashamba/v/images//NTASHART TTD COPIES/5/img293.jpg'),
(519, 'img294.jpg', 148, '1', '/mashamba/v/images//NTASHART TTD COPIES/6/img294.jpg'),
(520, 'img295.jpg', 148, '2', '/mashamba/v/images//NTASHART TTD COPIES/6/img295.jpg'),
(521, 'img296.jpg', 148, '3', '/mashamba/v/images//NTASHART TTD COPIES/6/img296.jpg'),
(522, 'img297.jpg', 148, '4', '/mashamba/v/images//NTASHART TTD COPIES/6/img297.jpg'),
(523, 'img298.jpg', 149, '1', '/mashamba/v/images//NTASHART TTD COPIES/7/img298.jpg'),
(524, 'img299.jpg', 149, '2', '/mashamba/v/images//NTASHART TTD COPIES/7/img299.jpg'),
(525, 'img300.jpg', 149, '3', '/mashamba/v/images//NTASHART TTD COPIES/7/img300.jpg'),
(526, 'img301.jpg', 149, '4', '/mashamba/v/images//NTASHART TTD COPIES/7/img301.jpg'),
(527, 'img302.jpg', 150, '1', '/mashamba/v/images//NTASHART TTD COPIES/8/img302.jpg'),
(528, 'img303.jpg', 150, '2', '/mashamba/v/images//NTASHART TTD COPIES/8/img303.jpg'),
(529, 'img304.jpg', 150, '3', '/mashamba/v/images//NTASHART TTD COPIES/8/img304.jpg'),
(530, 'img305.jpg', 150, '4', '/mashamba/v/images//NTASHART TTD COPIES/8/img305.jpg'),
(531, '1-1.jpg', 151, '1', '/mashamba/v/images//Ngong Ngong TTD COP/1/1-1.jpg'),
(532, '1-2.jpg', 151, '2', '/mashamba/v/images//Ngong Ngong TTD COP/1/1-2.jpg'),
(533, '1-3.jpg', 151, '3', '/mashamba/v/images//Ngong Ngong TTD COP/1/1-3.jpg'),
(534, '1-4.jpg', 151, '4', '/mashamba/v/images//Ngong Ngong TTD COP/1/1-4.jpg'),
(535, '10-1.jpg', 152, '1', '/mashamba/v/images//Ngong Ngong TTD COP/10/10-1.jpg'),
(536, '10-2.jpg', 152, '2', '/mashamba/v/images//Ngong Ngong TTD COP/10/10-2.jpg'),
(537, '10-3.jpg', 152, '3', '/mashamba/v/images//Ngong Ngong TTD COP/10/10-3.jpg'),
(538, '10-4.jpg', 152, '4', '/mashamba/v/images//Ngong Ngong TTD COP/10/10-4.jpg'),
(539, '11-1.jpg', 153, '1', '/mashamba/v/images//Ngong Ngong TTD COP/11/11-1.jpg'),
(540, '11-2.jpg', 153, '2', '/mashamba/v/images//Ngong Ngong TTD COP/11/11-2.jpg'),
(541, '11-3.jpg', 153, '3', '/mashamba/v/images//Ngong Ngong TTD COP/11/11-3.jpg'),
(542, '12-1.jpg', 154, '1', '/mashamba/v/images//Ngong Ngong TTD COP/12/12-1.jpg'),
(543, '12-2.jpg', 154, '2', '/mashamba/v/images//Ngong Ngong TTD COP/12/12-2.jpg'),
(544, '12-3.jpg', 154, '3', '/mashamba/v/images//Ngong Ngong TTD COP/12/12-3.jpg'),
(545, '12-4.jpg', 154, '4', '/mashamba/v/images//Ngong Ngong TTD COP/12/12-4.jpg'),
(546, '13-1.jpg', 155, '1', '/mashamba/v/images//Ngong Ngong TTD COP/13/13-1.jpg'),
(547, '13-2.jpg', 155, '2', '/mashamba/v/images//Ngong Ngong TTD COP/13/13-2.jpg'),
(548, '13-3.jpg', 155, '3', '/mashamba/v/images//Ngong Ngong TTD COP/13/13-3.jpg'),
(549, '13-4.jpg', 155, '4', '/mashamba/v/images//Ngong Ngong TTD COP/13/13-4.jpg'),
(550, '14-1.jpg', 156, '1', '/mashamba/v/images//Ngong Ngong TTD COP/14/14-1.jpg'),
(551, '14-2.jpg', 156, '2', '/mashamba/v/images//Ngong Ngong TTD COP/14/14-2.jpg'),
(552, '14-3.jpg', 156, '3', '/mashamba/v/images//Ngong Ngong TTD COP/14/14-3.jpg'),
(553, '14-4.jpg', 156, '4', '/mashamba/v/images//Ngong Ngong TTD COP/14/14-4.jpg'),
(554, '14-5.jpg', 156, '5', '/mashamba/v/images//Ngong Ngong TTD COP/14/14-5.jpg'),
(555, '15-1.jpg', 157, '1', '/mashamba/v/images//Ngong Ngong TTD COP/15/15-1.jpg'),
(556, '15-2.jpg', 157, '2', '/mashamba/v/images//Ngong Ngong TTD COP/15/15-2.jpg'),
(557, '16-1.jpg', 158, '1', '/mashamba/v/images//Ngong Ngong TTD COP/16/16-1.jpg'),
(558, '16-2.jpg', 158, '2', '/mashamba/v/images//Ngong Ngong TTD COP/16/16-2.jpg'),
(559, '16-3.jpg', 158, '3', '/mashamba/v/images//Ngong Ngong TTD COP/16/16-3.jpg'),
(560, '16-4.jpg', 158, '4', '/mashamba/v/images//Ngong Ngong TTD COP/16/16-4.jpg'),
(561, '17-1.jpg', 159, '1', '/mashamba/v/images//Ngong Ngong TTD COP/17/17-1.jpg'),
(562, '17-2.jpg', 159, '2', '/mashamba/v/images//Ngong Ngong TTD COP/17/17-2.jpg');
INSERT INTO `image` (`image`, `name`, `document`, `page`, `url`) VALUES
(563, '18.jpg', 160, '1', '/mashamba/v/images//Ngong Ngong TTD COP/18/18.jpg'),
(564, '19-1.jpg', 161, '1', '/mashamba/v/images//Ngong Ngong TTD COP/19/19-1.jpg'),
(565, '19-2.jpg', 161, '2', '/mashamba/v/images//Ngong Ngong TTD COP/19/19-2.jpg'),
(566, '19-3.jpg', 161, '3', '/mashamba/v/images//Ngong Ngong TTD COP/19/19-3.jpg'),
(567, '2-1.jpg', 162, '1', '/mashamba/v/images//Ngong Ngong TTD COP/2/2-1.jpg'),
(568, '2-2.jpg', 162, '2', '/mashamba/v/images//Ngong Ngong TTD COP/2/2-2.jpg'),
(569, '2-3.jpg', 162, '3', '/mashamba/v/images//Ngong Ngong TTD COP/2/2-3.jpg'),
(570, '2-4.jpg', 162, '4', '/mashamba/v/images//Ngong Ngong TTD COP/2/2-4.jpg'),
(571, '20-1.jpg', 163, '1', '/mashamba/v/images//Ngong Ngong TTD COP/20/20-1.jpg'),
(572, '20-2.jpg', 163, '2', '/mashamba/v/images//Ngong Ngong TTD COP/20/20-2.jpg'),
(573, '21-1.jpg', 164, '1', '/mashamba/v/images//Ngong Ngong TTD COP/21/21-1.jpg'),
(574, '21-2.jpg', 164, '2', '/mashamba/v/images//Ngong Ngong TTD COP/21/21-2.jpg'),
(575, '21-3.jpg', 164, '3', '/mashamba/v/images//Ngong Ngong TTD COP/21/21-3.jpg'),
(576, '21-4.jpg', 164, '4', '/mashamba/v/images//Ngong Ngong TTD COP/21/21-4.jpg'),
(577, '22-1.jpg', 165, '1', '/mashamba/v/images//Ngong Ngong TTD COP/22/22-1.jpg'),
(578, '22-2.jpg', 165, '2', '/mashamba/v/images//Ngong Ngong TTD COP/22/22-2.jpg'),
(579, '22-3.jpg', 165, '3', '/mashamba/v/images//Ngong Ngong TTD COP/22/22-3.jpg'),
(580, '22-4.jpg', 165, '4', '/mashamba/v/images//Ngong Ngong TTD COP/22/22-4.jpg'),
(581, '23-1.jpg', 166, '1', '/mashamba/v/images//Ngong Ngong TTD COP/23/23-1.jpg'),
(582, '23-2.jpg', 166, '2', '/mashamba/v/images//Ngong Ngong TTD COP/23/23-2.jpg'),
(583, '23-3.jpg', 166, '3', '/mashamba/v/images//Ngong Ngong TTD COP/23/23-3.jpg'),
(584, '23-4.jpg', 166, '4', '/mashamba/v/images//Ngong Ngong TTD COP/23/23-4.jpg'),
(585, '24-1.jpg', 167, '1', '/mashamba/v/images//Ngong Ngong TTD COP/24/24-1.jpg'),
(586, '24-2.jpg', 167, '2', '/mashamba/v/images//Ngong Ngong TTD COP/24/24-2.jpg'),
(587, '24-3.jpg', 167, '3', '/mashamba/v/images//Ngong Ngong TTD COP/24/24-3.jpg'),
(588, '24-4.jpg', 167, '4', '/mashamba/v/images//Ngong Ngong TTD COP/24/24-4.jpg'),
(589, '25-1.jpg', 168, '1', '/mashamba/v/images//Ngong Ngong TTD COP/25/25-1.jpg'),
(590, '25-2.jpg', 168, '2', '/mashamba/v/images//Ngong Ngong TTD COP/25/25-2.jpg'),
(591, '25-3.jpg', 168, '3', '/mashamba/v/images//Ngong Ngong TTD COP/25/25-3.jpg'),
(592, '25-4.jpg', 168, '4', '/mashamba/v/images//Ngong Ngong TTD COP/25/25-4.jpg'),
(593, '26-1.jpg', 169, '1', '/mashamba/v/images//Ngong Ngong TTD COP/26/26-1.jpg'),
(594, '26-2.jpg', 169, '2', '/mashamba/v/images//Ngong Ngong TTD COP/26/26-2.jpg'),
(595, '26-3.jpg', 169, '3', '/mashamba/v/images//Ngong Ngong TTD COP/26/26-3.jpg'),
(596, '26-4.jpg', 169, '4', '/mashamba/v/images//Ngong Ngong TTD COP/26/26-4.jpg'),
(597, '27-1.jpg', 170, '1', '/mashamba/v/images//Ngong Ngong TTD COP/27/27-1.jpg'),
(598, '27-2.jpg', 170, '2', '/mashamba/v/images//Ngong Ngong TTD COP/27/27-2.jpg'),
(599, '27-3.jpg', 170, '3', '/mashamba/v/images//Ngong Ngong TTD COP/27/27-3.jpg'),
(600, '27-4.jpg', 170, '4', '/mashamba/v/images//Ngong Ngong TTD COP/27/27-4.jpg'),
(601, '28-1.jpg', 171, '1', '/mashamba/v/images//Ngong Ngong TTD COP/28/28-1.jpg'),
(602, '28-2.jpg', 171, '2', '/mashamba/v/images//Ngong Ngong TTD COP/28/28-2.jpg'),
(603, '28-3.jpg', 171, '3', '/mashamba/v/images//Ngong Ngong TTD COP/28/28-3.jpg'),
(604, '28-4.jpg', 171, '4', '/mashamba/v/images//Ngong Ngong TTD COP/28/28-4.jpg'),
(605, '29-1.jpg', 172, '1', '/mashamba/v/images//Ngong Ngong TTD COP/29/29-1.jpg'),
(606, '29-2.jpg', 172, '2', '/mashamba/v/images//Ngong Ngong TTD COP/29/29-2.jpg'),
(607, '3-1.jpg', 173, '1', '/mashamba/v/images//Ngong Ngong TTD COP/3/3-1.jpg'),
(608, '3-2.jpg', 173, '2', '/mashamba/v/images//Ngong Ngong TTD COP/3/3-2.jpg'),
(609, '3-3.jpg', 173, '3', '/mashamba/v/images//Ngong Ngong TTD COP/3/3-3.jpg'),
(610, '3-4.jpg', 173, '4', '/mashamba/v/images//Ngong Ngong TTD COP/3/3-4.jpg'),
(611, '30-1.jpg', 174, '1', '/mashamba/v/images//Ngong Ngong TTD COP/30/30-1.jpg'),
(612, '30-2.jpg', 174, '2', '/mashamba/v/images//Ngong Ngong TTD COP/30/30-2.jpg'),
(613, '30-3.jpg', 174, '3', '/mashamba/v/images//Ngong Ngong TTD COP/30/30-3.jpg'),
(614, '30-4.jpg', 174, '4', '/mashamba/v/images//Ngong Ngong TTD COP/30/30-4.jpg'),
(615, '31-1.jpg', 175, '1', '/mashamba/v/images//Ngong Ngong TTD COP/31/31-1.jpg'),
(616, '31-2.jpg', 175, '2', '/mashamba/v/images//Ngong Ngong TTD COP/31/31-2.jpg'),
(617, '31-3.jpg', 175, '3', '/mashamba/v/images//Ngong Ngong TTD COP/31/31-3.jpg'),
(618, '32-1.jpg', 176, '1', '/mashamba/v/images//Ngong Ngong TTD COP/32/32-1.jpg'),
(619, '32-2.jpg', 176, '2', '/mashamba/v/images//Ngong Ngong TTD COP/32/32-2.jpg'),
(620, '33-1.jpg', 177, '1', '/mashamba/v/images//Ngong Ngong TTD COP/33/33-1.jpg'),
(621, '33-2.jpg', 177, '2', '/mashamba/v/images//Ngong Ngong TTD COP/33/33-2.jpg'),
(622, '33-3.jpg', 177, '3', '/mashamba/v/images//Ngong Ngong TTD COP/33/33-3.jpg'),
(623, '33-4.jpg', 177, '4', '/mashamba/v/images//Ngong Ngong TTD COP/33/33-4.jpg'),
(624, '34-1.jpg', 178, '1', '/mashamba/v/images//Ngong Ngong TTD COP/34/34-1.jpg'),
(625, '34-2.jpg', 178, '2', '/mashamba/v/images//Ngong Ngong TTD COP/34/34-2.jpg'),
(626, '34-3.jpg', 178, '3', '/mashamba/v/images//Ngong Ngong TTD COP/34/34-3.jpg'),
(627, '34-4.jpg', 178, '4', '/mashamba/v/images//Ngong Ngong TTD COP/34/34-4.jpg'),
(628, '35-1.jpg', 179, '1', '/mashamba/v/images//Ngong Ngong TTD COP/35/35-1.jpg'),
(629, '35-2.jpg', 179, '2', '/mashamba/v/images//Ngong Ngong TTD COP/35/35-2.jpg'),
(630, '35-3.jpg', 179, '3', '/mashamba/v/images//Ngong Ngong TTD COP/35/35-3.jpg'),
(631, '35-4.jpg', 179, '4', '/mashamba/v/images//Ngong Ngong TTD COP/35/35-4.jpg'),
(632, '4-1.jpg', 180, '1', '/mashamba/v/images//Ngong Ngong TTD COP/4/4-1.jpg'),
(633, '4-2.jpg', 180, '2', '/mashamba/v/images//Ngong Ngong TTD COP/4/4-2.jpg'),
(634, '4-3.jpg', 180, '3', '/mashamba/v/images//Ngong Ngong TTD COP/4/4-3.jpg'),
(635, '4-4.jpg', 180, '4', '/mashamba/v/images//Ngong Ngong TTD COP/4/4-4.jpg'),
(636, '5-1.jpg', 181, '1', '/mashamba/v/images//Ngong Ngong TTD COP/5/5-1.jpg'),
(637, '5-2.jpg', 181, '2', '/mashamba/v/images//Ngong Ngong TTD COP/5/5-2.jpg'),
(638, '5-3.jpg', 181, '3', '/mashamba/v/images//Ngong Ngong TTD COP/5/5-3.jpg'),
(639, '5-4.jpg', 181, '4', '/mashamba/v/images//Ngong Ngong TTD COP/5/5-4.jpg'),
(640, '6-1.jpg', 182, '1', '/mashamba/v/images//Ngong Ngong TTD COP/6/6-1.jpg'),
(641, '6-2.jpg', 182, '2', '/mashamba/v/images//Ngong Ngong TTD COP/6/6-2.jpg'),
(642, '6-3.jpg', 182, '3', '/mashamba/v/images//Ngong Ngong TTD COP/6/6-3.jpg'),
(643, '6-4.jpg', 182, '4', '/mashamba/v/images//Ngong Ngong TTD COP/6/6-4.jpg'),
(644, '7-1.jpg', 183, '1', '/mashamba/v/images//Ngong Ngong TTD COP/7/7-1.jpg'),
(645, '7-2.jpg', 183, '2', '/mashamba/v/images//Ngong Ngong TTD COP/7/7-2.jpg'),
(646, '7-3.jpg', 183, '3', '/mashamba/v/images//Ngong Ngong TTD COP/7/7-3.jpg'),
(647, '7-4.jpg', 183, '4', '/mashamba/v/images//Ngong Ngong TTD COP/7/7-4.jpg'),
(648, '8-1.jpg', 184, '1', '/mashamba/v/images//Ngong Ngong TTD COP/8/8-1.jpg'),
(649, '8-2.jpg', 184, '2', '/mashamba/v/images//Ngong Ngong TTD COP/8/8-2.jpg'),
(650, '8-3.jpg', 184, '3', '/mashamba/v/images//Ngong Ngong TTD COP/8/8-3.jpg'),
(651, '8-4.jpg', 184, '4', '/mashamba/v/images//Ngong Ngong TTD COP/8/8-4.jpg'),
(652, '9.jpg', 185, '1', '/mashamba/v/images//Ngong Ngong TTD COP/9/9.jpg'),
(653, 'img423.jpg', 186, '1', '/mashamba/v/images//OLCHORO-ONYORE TITLE/1/img423.jpg'),
(654, 'img424.jpg', 186, '2', '/mashamba/v/images//OLCHORO-ONYORE TITLE/1/img424.jpg'),
(655, 'img425.jpg', 186, '3', '/mashamba/v/images//OLCHORO-ONYORE TITLE/1/img425.jpg'),
(656, 'img426.jpg', 186, '4', '/mashamba/v/images//OLCHORO-ONYORE TITLE/1/img426.jpg'),
(657, 'img459.jpg', 187, '1', '/mashamba/v/images//OLCHORO-ONYORE TITLE/10/img459.jpg'),
(658, 'img460.jpg', 187, '2', '/mashamba/v/images//OLCHORO-ONYORE TITLE/10/img460.jpg'),
(659, 'img461.jpg', 187, '3', '/mashamba/v/images//OLCHORO-ONYORE TITLE/10/img461.jpg'),
(660, 'img462.jpg', 187, '4', '/mashamba/v/images//OLCHORO-ONYORE TITLE/10/img462.jpg'),
(661, 'img463.jpg', 188, '1', '/mashamba/v/images//OLCHORO-ONYORE TITLE/11/img463.jpg'),
(662, 'img464.jpg', 188, '2', '/mashamba/v/images//OLCHORO-ONYORE TITLE/11/img464.jpg'),
(663, 'img465.jpg', 188, '3', '/mashamba/v/images//OLCHORO-ONYORE TITLE/11/img465.jpg'),
(664, 'img466.jpg', 188, '4', '/mashamba/v/images//OLCHORO-ONYORE TITLE/11/img466.jpg'),
(665, 'img467.jpg', 189, '1', '/mashamba/v/images//OLCHORO-ONYORE TITLE/12/img467.jpg'),
(666, 'img468.jpg', 189, '2', '/mashamba/v/images//OLCHORO-ONYORE TITLE/12/img468.jpg'),
(667, 'img469.jpg', 189, '3', '/mashamba/v/images//OLCHORO-ONYORE TITLE/12/img469.jpg'),
(668, 'img470.jpg', 189, '4', '/mashamba/v/images//OLCHORO-ONYORE TITLE/12/img470.jpg'),
(669, 'img471.jpg', 190, '1', '/mashamba/v/images//OLCHORO-ONYORE TITLE/13/img471.jpg'),
(670, 'img472.jpg', 190, '2', '/mashamba/v/images//OLCHORO-ONYORE TITLE/13/img472.jpg'),
(671, 'img473.jpg', 190, '3', '/mashamba/v/images//OLCHORO-ONYORE TITLE/13/img473.jpg'),
(672, 'img474.jpg', 190, '4', '/mashamba/v/images//OLCHORO-ONYORE TITLE/13/img474.jpg'),
(673, 'img475.jpg', 191, '1', '/mashamba/v/images//OLCHORO-ONYORE TITLE/14/img475.jpg'),
(674, 'img476.jpg', 191, '2', '/mashamba/v/images//OLCHORO-ONYORE TITLE/14/img476.jpg'),
(675, 'img477.jpg', 191, '3', '/mashamba/v/images//OLCHORO-ONYORE TITLE/14/img477.jpg'),
(676, 'img478.jpg', 191, '4', '/mashamba/v/images//OLCHORO-ONYORE TITLE/14/img478.jpg'),
(677, 'img479.jpg', 191, '5', '/mashamba/v/images//OLCHORO-ONYORE TITLE/14/img479.jpg'),
(678, 'img480.jpg', 191, '6', '/mashamba/v/images//OLCHORO-ONYORE TITLE/14/img480.jpg'),
(679, 'img427.jpg', 192, '1', '/mashamba/v/images//OLCHORO-ONYORE TITLE/2/img427.jpg'),
(680, 'img428.jpg', 192, '2', '/mashamba/v/images//OLCHORO-ONYORE TITLE/2/img428.jpg'),
(681, 'img429.jpg', 192, '3', '/mashamba/v/images//OLCHORO-ONYORE TITLE/2/img429.jpg'),
(682, 'img430.jpg', 192, '4', '/mashamba/v/images//OLCHORO-ONYORE TITLE/2/img430.jpg'),
(683, 'img431.jpg', 193, '1', '/mashamba/v/images//OLCHORO-ONYORE TITLE/3/img431.jpg'),
(684, 'img432.jpg', 193, '2', '/mashamba/v/images//OLCHORO-ONYORE TITLE/3/img432.jpg'),
(685, 'img433.jpg', 193, '3', '/mashamba/v/images//OLCHORO-ONYORE TITLE/3/img433.jpg'),
(686, 'img434.jpg', 193, '4', '/mashamba/v/images//OLCHORO-ONYORE TITLE/3/img434.jpg'),
(687, 'img435.jpg', 194, '1', '/mashamba/v/images//OLCHORO-ONYORE TITLE/4/img435.jpg'),
(688, 'img436.jpg', 194, '2', '/mashamba/v/images//OLCHORO-ONYORE TITLE/4/img436.jpg'),
(689, 'img437.jpg', 194, '3', '/mashamba/v/images//OLCHORO-ONYORE TITLE/4/img437.jpg'),
(690, 'img438.jpg', 194, '4', '/mashamba/v/images//OLCHORO-ONYORE TITLE/4/img438.jpg'),
(691, 'img439.jpg', 195, '1', '/mashamba/v/images//OLCHORO-ONYORE TITLE/5/img439.jpg'),
(692, 'img440.jpg', 195, '2', '/mashamba/v/images//OLCHORO-ONYORE TITLE/5/img440.jpg'),
(693, 'img441.jpg', 195, '3', '/mashamba/v/images//OLCHORO-ONYORE TITLE/5/img441.jpg'),
(694, 'img442.jpg', 195, '4', '/mashamba/v/images//OLCHORO-ONYORE TITLE/5/img442.jpg'),
(695, 'img443.jpg', 196, '1', '/mashamba/v/images//OLCHORO-ONYORE TITLE/6/img443.jpg'),
(696, 'img444.jpg', 196, '2', '/mashamba/v/images//OLCHORO-ONYORE TITLE/6/img444.jpg'),
(697, 'img445.jpg', 196, '3', '/mashamba/v/images//OLCHORO-ONYORE TITLE/6/img445.jpg'),
(698, 'img446.jpg', 196, '4', '/mashamba/v/images//OLCHORO-ONYORE TITLE/6/img446.jpg'),
(699, 'img447.jpg', 197, '1', '/mashamba/v/images//OLCHORO-ONYORE TITLE/7/img447.jpg'),
(700, 'img448.jpg', 197, '2', '/mashamba/v/images//OLCHORO-ONYORE TITLE/7/img448.jpg'),
(701, 'img449.jpg', 197, '3', '/mashamba/v/images//OLCHORO-ONYORE TITLE/7/img449.jpg'),
(702, 'img450.jpg', 197, '4', '/mashamba/v/images//OLCHORO-ONYORE TITLE/7/img450.jpg'),
(703, 'img451.jpg', 198, '1', '/mashamba/v/images//OLCHORO-ONYORE TITLE/8/img451.jpg'),
(704, 'img452.jpg', 198, '2', '/mashamba/v/images//OLCHORO-ONYORE TITLE/8/img452.jpg'),
(705, 'img453.jpg', 198, '3', '/mashamba/v/images//OLCHORO-ONYORE TITLE/8/img453.jpg'),
(706, 'img454.jpg', 198, '4', '/mashamba/v/images//OLCHORO-ONYORE TITLE/8/img454.jpg'),
(707, 'img455.jpg', 199, '1', '/mashamba/v/images//OLCHORO-ONYORE TITLE/9/img455.jpg'),
(708, 'img456.jpg', 199, '2', '/mashamba/v/images//OLCHORO-ONYORE TITLE/9/img456.jpg'),
(709, 'img457.jpg', 199, '3', '/mashamba/v/images//OLCHORO-ONYORE TITLE/9/img457.jpg'),
(710, 'img458.jpg', 199, '4', '/mashamba/v/images//OLCHORO-ONYORE TITLE/9/img458.jpg'),
(711, 'img355.jpg', 200, '1', '/mashamba/v/images//OLCHORO-ONYORE TITLE COPIES/1/img355.jpg'),
(712, 'img356.jpg', 200, '2', '/mashamba/v/images//OLCHORO-ONYORE TITLE COPIES/1/img356.jpg'),
(713, 'img357.jpg', 200, '3', '/mashamba/v/images//OLCHORO-ONYORE TITLE COPIES/1/img357.jpg'),
(714, 'img358.jpg', 200, '4', '/mashamba/v/images//OLCHORO-ONYORE TITLE COPIES/1/img358.jpg'),
(715, 'img359.jpg', 201, '1', '/mashamba/v/images//OLCHORO-ONYORE TITLE COPIES/2/img359.jpg'),
(716, 'img360.jpg', 201, '2', '/mashamba/v/images//OLCHORO-ONYORE TITLE COPIES/2/img360.jpg'),
(717, 'img361.jpg', 201, '3', '/mashamba/v/images//OLCHORO-ONYORE TITLE COPIES/2/img361.jpg'),
(718, 'img362.jpg', 201, '4', '/mashamba/v/images//OLCHORO-ONYORE TITLE COPIES/2/img362.jpg'),
(719, 'img363.jpg', 202, '1', '/mashamba/v/images//OLCHORO-ONYORE TITLE COPIES/3/img363.jpg'),
(720, 'img364.jpg', 202, '2', '/mashamba/v/images//OLCHORO-ONYORE TITLE COPIES/3/img364.jpg'),
(721, 'img365.jpg', 202, '3', '/mashamba/v/images//OLCHORO-ONYORE TITLE COPIES/3/img365.jpg'),
(722, 'img366.jpg', 202, '4', '/mashamba/v/images//OLCHORO-ONYORE TITLE COPIES/3/img366.jpg'),
(723, 'img367.jpg', 203, '1', '/mashamba/v/images//OLCHORO-ONYORE TITLE COPIES/4/img367.jpg'),
(724, 'img368.jpg', 203, '2', '/mashamba/v/images//OLCHORO-ONYORE TITLE COPIES/4/img368.jpg'),
(725, 'img369.jpg', 203, '3', '/mashamba/v/images//OLCHORO-ONYORE TITLE COPIES/4/img369.jpg'),
(726, 'img370.jpg', 203, '4', '/mashamba/v/images//OLCHORO-ONYORE TITLE COPIES/4/img370.jpg'),
(727, 'img371.jpg', 204, '1', '/mashamba/v/images//OLCHORO-ONYORE TITLE COPIES/5/img371.jpg'),
(728, 'img372.jpg', 204, '2', '/mashamba/v/images//OLCHORO-ONYORE TITLE COPIES/5/img372.jpg'),
(729, 'img373.jpg', 204, '3', '/mashamba/v/images//OLCHORO-ONYORE TITLE COPIES/5/img373.jpg'),
(730, 'img374.jpg', 204, '4', '/mashamba/v/images//OLCHORO-ONYORE TITLE COPIES/5/img374.jpg'),
(731, 'img375.jpg', 205, '1', '/mashamba/v/images//OLCHORO-ONYORE TITLE COPIES/6/img375.jpg'),
(732, 'img376.jpg', 205, '2', '/mashamba/v/images//OLCHORO-ONYORE TITLE COPIES/6/img376.jpg'),
(733, 'img377.jpg', 205, '3', '/mashamba/v/images//OLCHORO-ONYORE TITLE COPIES/6/img377.jpg'),
(734, 'img378.jpg', 205, '4', '/mashamba/v/images//OLCHORO-ONYORE TITLE COPIES/6/img378.jpg'),
(735, 'img379.jpg', 206, '1', '/mashamba/v/images//OLCHORO-ONYORE TITLE COPIES/7/img379.jpg'),
(736, 'img380.jpg', 206, '2', '/mashamba/v/images//OLCHORO-ONYORE TITLE COPIES/7/img380.jpg'),
(737, 'img381.jpg', 206, '3', '/mashamba/v/images//OLCHORO-ONYORE TITLE COPIES/7/img381.jpg'),
(738, 'img382.jpg', 206, '4', '/mashamba/v/images//OLCHORO-ONYORE TITLE COPIES/7/img382.jpg'),
(739, 'img383.jpg', 207, '1', '/mashamba/v/images//OLCHORO-ONYORE TITLE COPIES/8/img383.jpg'),
(740, 'img384.jpg', 207, '2', '/mashamba/v/images//OLCHORO-ONYORE TITLE COPIES/8/img384.jpg'),
(741, 'img385.jpg', 207, '3', '/mashamba/v/images//OLCHORO-ONYORE TITLE COPIES/8/img385.jpg'),
(742, 'img386.jpg', 207, '4', '/mashamba/v/images//OLCHORO-ONYORE TITLE COPIES/8/img386.jpg');

-- --------------------------------------------------------

--
-- Table structure for table `mutation`
--

CREATE TABLE `mutation` (
  `mutation` int NOT NULL,
  `title` int NOT NULL
) ENGINE=InnoDB DEFAULT CHARSET=utf8mb3;

-- --------------------------------------------------------

--
-- Table structure for table `title`
--

CREATE TABLE `title` (
  `title` int NOT NULL,
  `document` int NOT NULL,
  `id` varchar(40) NOT NULL,
  `onsale` tinyint(1) NOT NULL DEFAULT '0'
) ENGINE=InnoDB DEFAULT CHARSET=utf8mb3;

--
-- Dumping data for table `title`
--

INSERT INTO `title` (`title`, `document`, `id`, `onsale`) VALUES
(1, 2, 'DONYO SABUK/KOMAROK BLOCK 1/74906', 0),
(2, 3, 'NGUIRUBI/NDIUNI/513', 0),
(3, 1, 'KJD/DALALEKUTUK/7', 0),
(4, 4, 'RUIRU EAST/JUJA EAST BLOCK 2/11324', 0),
(5, 5, 'KJD/OSILATEI/72', 0);

--
-- Indexes for dumped tables
--

--
-- Indexes for table `category`
--
ALTER TABLE `category`
  ADD PRIMARY KEY (`category`),
  ADD KEY `id` (`name`);

--
-- Indexes for table `document`
--
ALTER TABLE `document`
  ADD PRIMARY KEY (`document`),
  ADD UNIQUE KEY `id` (`id`),
  ADD KEY `folder` (`folder`),
  ADD KEY `category` (`category`);

--
-- Indexes for table `folder`
--
ALTER TABLE `folder`
  ADD PRIMARY KEY (`folder`),
  ADD UNIQUE KEY `id` (`name`);

--
-- Indexes for table `image`
--
ALTER TABLE `image`
  ADD PRIMARY KEY (`image`),
  ADD UNIQUE KEY `id` (`document`,`name`,`page`) USING BTREE;

--
-- Indexes for table `mutation`
--
ALTER TABLE `mutation`
  ADD PRIMARY KEY (`mutation`),
  ADD UNIQUE KEY `id` (`title`);

--
-- Indexes for table `title`
--
ALTER TABLE `title`
  ADD PRIMARY KEY (`title`),
  ADD UNIQUE KEY `id` (`document`);

--
-- AUTO_INCREMENT for dumped tables
--

--
-- AUTO_INCREMENT for table `category`
--
ALTER TABLE `category`
  MODIFY `category` int NOT NULL AUTO_INCREMENT, AUTO_INCREMENT=4;

--
-- AUTO_INCREMENT for table `document`
--
ALTER TABLE `document`
  MODIFY `document` int NOT NULL AUTO_INCREMENT, AUTO_INCREMENT=208;

--
-- AUTO_INCREMENT for table `folder`
--
ALTER TABLE `folder`
  MODIFY `folder` int NOT NULL AUTO_INCREMENT, AUTO_INCREMENT=12;

--
-- AUTO_INCREMENT for table `image`
--
ALTER TABLE `image`
  MODIFY `image` int NOT NULL AUTO_INCREMENT, AUTO_INCREMENT=743;

--
-- AUTO_INCREMENT for table `mutation`
--
ALTER TABLE `mutation`
  MODIFY `mutation` int NOT NULL AUTO_INCREMENT;

--
-- AUTO_INCREMENT for table `title`
--
ALTER TABLE `title`
  MODIFY `title` int NOT NULL AUTO_INCREMENT, AUTO_INCREMENT=6;

--
-- Constraints for dumped tables
--

--
-- Constraints for table `document`
--
ALTER TABLE `document`
  ADD CONSTRAINT `document_ibfk_1` FOREIGN KEY (`folder`) REFERENCES `folder` (`folder`) ON DELETE RESTRICT ON UPDATE RESTRICT,
  ADD CONSTRAINT `document_ibfk_2` FOREIGN KEY (`category`) REFERENCES `category` (`category`) ON DELETE RESTRICT ON UPDATE RESTRICT;

--
-- Constraints for table `image`
--
ALTER TABLE `image`
  ADD CONSTRAINT `image_ibfk_1` FOREIGN KEY (`document`) REFERENCES `document` (`document`) ON DELETE RESTRICT ON UPDATE RESTRICT;

--
-- Constraints for table `mutation`
--
ALTER TABLE `mutation`
  ADD CONSTRAINT `mutation_ibfk_1` FOREIGN KEY (`title`) REFERENCES `title` (`title`);

--
-- Constraints for table `title`
--
ALTER TABLE `title`
  ADD CONSTRAINT `title_ibfk_1` FOREIGN KEY (`document`) REFERENCES `document` (`document`);
COMMIT;

/*!40101 SET CHARACTER_SET_CLIENT=@OLD_CHARACTER_SET_CLIENT */;
/*!40101 SET CHARACTER_SET_RESULTS=@OLD_CHARACTER_SET_RESULTS */;
/*!40101 SET COLLATION_CONNECTION=@OLD_COLLATION_CONNECTION */;
